reward_today,future_reward,delay,thisN,thisTrialN,thisRepN,key_resp.keys,key_resp.rt,key_resp.duration,trials.thisRepN,trials.thisTrialN,trials.thisN,trials.thisIndex,thisRow.t,notes,trial.started,fixation.started,fixation.stopped,text.started,key_resp.started,trial.stopped,trials.key_resp.keys,trials.key_resp.rt,trials.key_resp.duration,participant,session,date,expName,expVersion,psychopyVersion,frameRate,expStart,
78,80,162,0,0,0,t,3.018126499999994,None,0,0,0,6,0.06573489999999538,,0.06251859999997578,0.06573489999999538,1.0021380999999678,1.0021380999999678,1.0021380999999678,4.054463599999963,t,3.018126499999994,None,02,001,2025-10-27_13h01.07.899,delayed_discount_experiment,,2025.1.1,60.01824554665471,2025-10-27 13h01.14.784210 +0530,
27,50,21,1,1,0,l,0.8354064999999764,None,0,1,1,2,4.073541799999987,,4.069853200000011,4.073541799999987,5.068969399999958,5.068969399999958,5.068969399999958,5.920397399999956,l,0.8354064999999764,None,02,001,2025-10-27_13h01.07.899,delayed_discount_experiment,,2025.1.1,60.01824554665471,2025-10-27 13h01.14.784210 +0530,
15,35,13,2,2,0,l,0.6191498999999681,None,0,2,2,1,5.949132099999986,,5.944306499999982,5.949132099999986,6.935119799999995,6.935119799999995,6.935119799999995,7.569417199999975,l,0.6191498999999681,None,02,001,2025-10-27_13h01.07.899,delayed_discount_experiment,,2025.1.1,60.01824554665471,2025-10-27 13h01.14.784210 +0530,
11,30,7,3,3,0,l,0.5656400000000303,None,0,3,3,0,7.588077999999996,,7.582658999999978,7.588077999999996,8.58465659999996,8.58465659999996,8.58465659999996,9.152780899999982,l,0.5656400000000303,None,02,001,2025-10-27_13h01.07.899,delayed_discount_experiment,,2025.1.1,60.01824554665471,2025-10-27 13h01.14.784210 +0530,
49,60,89,4,4,0,t,0.5679135000000315,None,0,4,4,4,9.181314299999997,,9.17575519999997,9.181314299999997,10.168551999999977,10.168551999999977,10.168551999999977,10.753207400000008,t,0.5679135000000315,None,02,001,2025-10-27_13h01.07.899,delayed_discount_experiment,,2025.1.1,60.01824554665471,2025-10-27 13h01.14.784210 +0530,
67,75,119,5,5,0,t,0.5297706999999718,None,0,5,5,5,10.777455199999963,,10.771430899999984,10.777455199999963,11.768210199999999,11.768210199999999,11.768210199999999,12.303706299999988,t,0.5297706999999718,None,02,001,2025-10-27_13h01.07.899,delayed_discount_experiment,,2025.1.1,60.01824554665471,2025-10-27 13h01.14.784210 +0530,
40,55,62,6,6,0,t,0.547164500000008,None,0,6,6,3,12.32808399999999,,12.323003299999982,12.32808399999999,13.317476199999987,13.317476199999987,13.317476199999987,13.86839950000001,t,0.547164500000008,None,02,001,2025-10-27_13h01.07.899,delayed_discount_experiment,,2025.1.1,60.01824554665471,2025-10-27 13h01.14.784210 +0530,
27,50,21,7,0,1,l,0.5894317000000342,None,1,0,7,2,13.884245399999998,,13.879608799999971,13.884245399999998,14.884306999999978,14.884306999999978,14.884306999999978,15.485944299999971,l,0.5894317000000342,None,02,001,2025-10-27_13h01.07.899,delayed_discount_experiment,,2025.1.1,60.01824554665471,2025-10-27 13h01.14.784210 +0530,
40,55,62,8,1,1,t,0.4599689000000353,None,1,1,8,3,15.510703299999989,,15.504771699999992,15.510703299999989,16.50121250000001,16.50121250000001,16.50121250000001,16.96901299999996,t,0.4599689000000353,None,02,001,2025-10-27_13h01.07.899,delayed_discount_experiment,,2025.1.1,60.01824554665471,2025-10-27 13h01.14.784210 +0530,
11,30,7,9,2,1,l,0.5342340999999919,None,1,2,9,0,16.993798099999992,,16.987931500000002,16.993798099999992,17.98443169999996,17.98443169999996,17.98443169999996,18.535784699999965,l,0.5342340999999919,None,02,001,2025-10-27_13h01.07.899,delayed_discount_experiment,,2025.1.1,60.01824554665471,2025-10-27 13h01.14.784210 +0530,
67,75,119,10,3,1,t,0.6373628000000053,None,1,3,10,5,18.55767529999997,,18.5534538,18.55767529999997,19.550862499999994,19.550862499999994,19.550862499999994,20.201074500000004,t,0.6373628000000053,None,02,001,2025-10-27_13h01.07.899,delayed_discount_experiment,,2025.1.1,60.01824554665471,2025-10-27 13h01.14.784210 +0530,
78,80,162,11,4,1,t,0.451561100000049,None,1,4,11,6,20.21685279999997,,20.20724739999997,20.21685279999997,21.200747999999976,21.200747999999976,21.200747999999976,21.668895799999973,t,0.451561100000049,None,02,001,2025-10-27_13h01.07.899,delayed_discount_experiment,,2025.1.1,60.01824554665471,2025-10-27 13h01.14.784210 +0530,
15,35,13,12,5,1,l,0.6637455000000045,None,1,5,12,1,21.69274409999997,,21.687731799999995,21.69274409999997,22.683980700000006,22.683980700000006,22.683980700000006,23.35128679999997,l,0.6637455000000045,None,02,001,2025-10-27_13h01.07.899,delayed_discount_experiment,,2025.1.1,60.01824554665471,2025-10-27 13h01.14.784210 +0530,
49,60,89,13,6,1,t,0.6995291000000066,None,1,6,13,4,23.377568499999995,,23.37166049999996,23.377568499999995,24.350572099999965,24.350572099999965,24.350572099999965,25.052181200000007,t,0.6995291000000066,None,02,001,2025-10-27_13h01.07.899,delayed_discount_experiment,,2025.1.1,60.01824554665471,2025-10-27 13h01.14.784210 +0530,
40,55,62,14,0,2,t,0.5642576999999847,None,2,0,14,3,25.072045000000003,,25.067174799999975,25.072045000000003,26.06686259999998,26.06686259999998,26.06686259999998,26.634995599999968,t,0.5642576999999847,None,02,001,2025-10-27_13h01.07.899,delayed_discount_experiment,,2025.1.1,60.01824554665471,2025-10-27 13h01.14.784210 +0530,
27,50,21,15,1,2,l,0.7083082999999988,None,2,1,15,2,26.659534000000008,,26.65451079999997,26.659534000000008,27.64999449999999,27.64999449999999,27.64999449999999,28.368199299999958,l,0.7083082999999988,None,02,001,2025-10-27_13h01.07.899,delayed_discount_experiment,,2025.1.1,60.01824554665471,2025-10-27 13h01.14.784210 +0530,
67,75,119,16,2,2,t,0.7649135999999999,None,2,2,16,5,28.39253259999998,,28.386659500000007,28.39253259999998,29.383025199999963,29.383025199999963,29.383025199999963,30.151121999999987,t,0.7649135999999999,None,02,001,2025-10-27_13h01.07.899,delayed_discount_experiment,,2025.1.1,60.01824554665471,2025-10-27 13h01.14.784210 +0530,
11,30,7,17,3,2,l,0.6345746999999733,None,2,3,17,0,30.178494599999965,,30.172084799999993,30.178494599999965,31.16633300000001,31.16633300000001,31.16633300000001,31.817050199999983,l,0.6345746999999733,None,02,001,2025-10-27_13h01.07.899,delayed_discount_experiment,,2025.1.1,60.01824554665471,2025-10-27 13h01.14.784210 +0530,
49,60,89,18,4,2,t,0.5813503999999625,None,2,4,18,4,31.834886299999994,,31.830124899999987,31.834886299999994,32.83261319999997,32.83261319999997,32.83261319999997,33.418701699999986,t,0.5813503999999625,None,02,001,2025-10-27_13h01.07.899,delayed_discount_experiment,,2025.1.1,60.01824554665471,2025-10-27 13h01.14.784210 +0530,
15,35,13,19,5,2,l,0.6670146000000159,None,2,5,19,1,33.56626410000001,,33.5621663,33.56626410000001,34.432796800000006,34.432796800000006,34.432796800000006,35.11603309999998,l,0.6670146000000159,None,02,001,2025-10-27_13h01.07.899,delayed_discount_experiment,,2025.1.1,60.01824554665471,2025-10-27 13h01.14.784210 +0530,
78,80,162,20,6,2,t,0.6845491999999922,None,2,6,20,6,35.13201090000001,,35.12616379999997,35.13201090000001,36.1158638,36.1158638,36.1158638,36.816048799999976,t,0.6845491999999922,None,02,001,2025-10-27_13h01.07.899,delayed_discount_experiment,,2025.1.1,60.01824554665471,2025-10-27 13h01.14.784210 +0530,
40,55,62,21,0,3,t,0.533645799999988,None,3,0,21,3,36.83409389999997,,36.8292017,36.83409389999997,37.81561899999997,37.81561899999997,37.81561899999997,38.351171499999964,t,0.533645799999988,None,02,001,2025-10-27_13h01.07.899,delayed_discount_experiment,,2025.1.1,60.01824554665471,2025-10-27 13h01.14.784210 +0530,
27,50,21,22,1,3,l,0.7189992000000416,None,3,1,22,2,38.377357399999994,,38.37109959999998,38.377357399999994,39.365590999999995,39.365590999999995,39.365590999999995,40.10027359999998,l,0.7189992000000416,None,02,001,2025-10-27_13h01.07.899,delayed_discount_experiment,,2025.1.1,60.01824554665471,2025-10-27 13h01.14.784210 +0530,
78,80,162,23,2,3,t,0.5307675999999901,None,3,2,23,6,40.12491130000001,,40.12040239999999,40.12491130000001,41.11527109999997,41.11527109999997,41.11527109999997,41.64987769999999,t,0.5307675999999901,None,02,001,2025-10-27_13h01.07.899,delayed_discount_experiment,,2025.1.1,60.01824554665471,2025-10-27 13h01.14.784210 +0530,
49,60,89,24,3,3,t,0.29194189999998343,None,3,3,24,4,41.6769544,,41.67043799999999,41.6769544,42.6651076,42.6651076,42.6651076,42.966433800000004,t,0.29194189999998343,None,02,001,2025-10-27_13h01.07.899,delayed_discount_experiment,,2025.1.1,60.01824554665471,2025-10-27 13h01.14.784210 +0530,
11,30,7,25,4,3,t,0.3433176000000344,None,3,4,25,0,42.991640099999984,,42.984876799999995,42.991640099999984,43.98178109999998,43.98178109999998,43.98178109999998,44.33313279999999,t,0.3433176000000344,None,02,001,2025-10-27_13h01.07.899,delayed_discount_experiment,,2025.1.1,60.01824554665471,2025-10-27 13h01.14.784210 +0530,
67,75,119,26,5,3,t,0.8937129999999911,None,3,5,26,5,44.36048189999997,,44.35547700000001,44.36048189999997,45.3476824,45.3476824,45.3476824,46.24952139999999,t,0.8937129999999911,None,02,001,2025-10-27_13h01.07.899,delayed_discount_experiment,,2025.1.1,60.01824554665471,2025-10-27 13h01.14.784210 +0530,
15,35,13,27,6,3,l,0.5432732000000442,None,3,6,27,1,46.27599129999999,,46.27098459999996,46.27599129999999,47.264819999999986,47.264819999999986,47.264819999999986,47.816115999999965,l,0.5432732000000442,None,02,001,2025-10-27_13h01.07.899,delayed_discount_experiment,,2025.1.1,60.01824554665471,2025-10-27 13h01.14.784210 +0530,
49,60,89,28,0,4,t,0.44759649999997464,None,4,0,28,4,47.84036040000001,,47.8353917,47.84036040000001,48.831374600000004,48.831374600000004,48.831374600000004,49.2838969,t,0.44759649999997464,None,02,001,2025-10-27_13h01.07.899,delayed_discount_experiment,,2025.1.1,60.01824554665471,2025-10-27 13h01.14.784210 +0530,
78,80,162,29,1,4,t,0.5910678999999845,None,4,1,29,6,49.309646999999984,,49.3039445,49.309646999999984,50.29702229999998,50.29702229999998,50.29702229999998,50.89749219999999,t,0.5910678999999845,None,02,001,2025-10-27_13h01.07.899,delayed_discount_experiment,,2025.1.1,60.01824554665471,2025-10-27 13h01.14.784210 +0530,
15,35,13,30,2,4,l,0.5619651999999746,None,4,2,30,1,50.9134047,,50.902735699999994,50.9134047,51.89689149999998,51.89689149999998,51.89689149999998,52.46431580000001,l,0.5619651999999746,None,02,001,2025-10-27_13h01.07.899,delayed_discount_experiment,,2025.1.1,60.01824554665471,2025-10-27 13h01.14.784210 +0530,
67,75,119,31,3,4,t,0.6251328000000171,None,4,3,31,5,52.48039869999997,,52.46741700000001,52.48039869999997,53.46401559999998,53.46401559999998,53.46401559999998,54.09865679999996,t,0.6251328000000171,None,02,001,2025-10-27_13h01.07.899,delayed_discount_experiment,,2025.1.1,60.01824554665471,2025-10-27 13h01.14.784210 +0530,
27,50,21,32,4,4,l,2.207868700000006,None,4,4,32,2,54.119238300000006,,54.11380079999998,54.119238300000006,55.11398529999997,55.11398529999997,55.11398529999997,57.3310419,l,2.207868700000006,None,02,001,2025-10-27_13h01.07.899,delayed_discount_experiment,,2025.1.1,60.01824554665471,2025-10-27 13h01.14.784210 +0530,
11,30,7,33,5,4,l,0.5631065000000035,None,4,5,33,0,57.35365459999997,,57.3487063,57.35365459999997,58.345723899999996,58.345723899999996,58.345723899999996,58.91418829999998,l,0.5631065000000035,None,02,001,2025-10-27_13h01.07.899,delayed_discount_experiment,,2025.1.1,60.01824554665471,2025-10-27 13h01.14.784210 +0530,
40,55,62,34,6,4,t,0.5427200999999968,None,4,6,34,3,58.9375392,,58.93321979999996,58.9375392,59.92870849999997,59.92870849999997,59.92870849999997,60.48091119999998,t,0.5427200999999968,None,02,001,2025-10-27_13h01.07.899,delayed_discount_experiment,,2025.1.1,60.01824554665471,2025-10-27 13h01.14.784210 +0530,
78,80,162,35,0,5,t,0.3712780999999836,None,5,0,35,6,60.5027422,,60.49855279999997,60.5027422,61.495696399999986,61.495696399999986,61.495696399999986,61.880617900000004,t,0.3712780999999836,None,02,001,2025-10-27_13h01.07.899,delayed_discount_experiment,,2025.1.1,60.01824554665471,2025-10-27 13h01.14.784210 +0530,
67,75,119,36,1,5,t,0.6427550000000224,None,5,1,36,5,61.903909,,61.89871449999998,61.903909,62.89590099999998,62.89590099999998,62.89590099999998,63.54727909999997,t,0.6427550000000224,None,02,001,2025-10-27_13h01.07.899,delayed_discount_experiment,,2025.1.1,60.01824554665471,2025-10-27 13h01.14.784210 +0530,
11,30,7,37,2,5,l,0.5789780000000064,None,5,2,37,0,63.565852500000005,,63.561052200000006,63.565852500000005,64.56297169999999,64.56297169999999,64.56297169999999,65.14778580000001,l,0.5789780000000064,None,02,001,2025-10-27_13h01.07.899,delayed_discount_experiment,,2025.1.1,60.01824554665471,2025-10-27 13h01.14.784210 +0530,
15,35,13,38,3,5,l,1.751325099999974,None,5,3,38,1,65.17418679999997,,65.16841790000001,65.17418679999997,66.16285859999999,66.16285859999999,66.16285859999999,67.93063009999997,l,1.751325099999974,None,02,001,2025-10-27_13h01.07.899,delayed_discount_experiment,,2025.1.1,60.01824554665471,2025-10-27 13h01.14.784210 +0530,
27,50,21,39,4,5,l,0.7650609000000372,None,5,4,39,2,67.9537785,,67.94860410000001,67.9537785,68.94550989999999,68.94550989999999,68.94550989999999,69.71499610000001,l,0.7650609000000372,None,02,001,2025-10-27_13h01.07.899,delayed_discount_experiment,,2025.1.1,60.01824554665471,2025-10-27 13h01.14.784210 +0530,
40,55,62,40,5,5,t,0.614431599999989,None,5,5,40,3,69.74141529999997,,69.73531519999995,69.74141529999997,70.72877389999996,70.72877389999996,70.72877389999996,71.34693159999995,t,0.614431599999989,None,02,001,2025-10-27_13h01.07.899,delayed_discount_experiment,,2025.1.1,60.01824554665471,2025-10-27 13h01.14.784210 +0530,
49,60,89,41,6,5,t,0.46335209999995186,None,5,6,41,4,71.37439749999999,,71.36789339999996,71.37439749999999,72.36191769999994,72.36191769999994,72.36191769999994,72.82960279999998,t,0.46335209999995186,None,02,001,2025-10-27_13h01.07.899,delayed_discount_experiment,,2025.1.1,60.01824554665471,2025-10-27 13h01.14.784210 +0530,
67,75,119,42,0,6,t,0.5240612999999712,None,6,0,42,5,72.84799569999996,,72.84259580000003,72.84799569999996,73.84547229999998,73.84547229999998,73.84547229999998,74.3791804,t,0.5240612999999712,None,02,001,2025-10-27_13h01.07.899,delayed_discount_experiment,,2025.1.1,60.01824554665471,2025-10-27 13h01.14.784210 +0530,
27,50,21,43,1,6,l,1.1143538000000035,None,6,1,43,2,74.39819009999997,,74.3928343,74.39819009999997,75.37841019999996,75.37841019999996,75.37841019999996,76.49636369999996,l,1.1143538000000035,None,02,001,2025-10-27_13h01.07.899,delayed_discount_experiment,,2025.1.1,60.01824554665471,2025-10-27 13h01.14.784210 +0530,
11,30,7,44,2,6,t,0.6047772999999097,None,6,2,44,0,76.52346179999995,,76.5162047,76.52346179999995,77.51134590000004,77.51134590000004,77.51134590000004,78.12883099999999,t,0.6047772999999097,None,02,001,2025-10-27_13h01.07.899,delayed_discount_experiment,,2025.1.1,60.01824554665471,2025-10-27 13h01.14.784210 +0530,
40,55,62,45,3,6,t,0.6020359999999982,None,6,3,45,3,78.14524180000001,,78.14009550000003,78.14524180000001,79.12824160000002,79.12824160000002,79.12824160000002,79.74531089999994,t,0.6020359999999982,None,02,001,2025-10-27_13h01.07.899,delayed_discount_experiment,,2025.1.1,60.01824554665471,2025-10-27 13h01.14.784210 +0530,
49,60,89,46,4,6,t,0.45092350000004444,None,6,4,46,4,79.76144999999997,,79.75708539999994,79.76144999999997,80.74476879999997,80.74476879999997,80.74476879999997,81.21262330000002,t,0.45092350000004444,None,02,001,2025-10-27_13h01.07.899,delayed_discount_experiment,,2025.1.1,60.01824554665471,2025-10-27 13h01.14.784210 +0530,
78,80,162,47,5,6,t,0.48963389999994433,None,6,5,47,6,81.24013960000002,,81.23468519999994,81.24013960000002,82.22789079999995,82.22789079999995,82.22789079999995,82.72940370000003,t,0.48963389999994433,None,02,001,2025-10-27_13h01.07.899,delayed_discount_experiment,,2025.1.1,60.01824554665471,2025-10-27 13h01.14.784210 +0530,
15,35,13,48,6,6,l,0.589030600000001,None,6,6,48,1,82.75390340000001,,82.74739590000001,82.75390340000001,83.74460320000003,83.74460320000003,83.74460320000003,84.34568809999996,l,0.589030600000001,None,02,001,2025-10-27_13h01.07.899,delayed_discount_experiment,,2025.1.1,60.01824554665471,2025-10-27 13h01.14.784210 +0530,
27,50,21,49,0,7,l,0.9899520000000166,None,7,0,49,2,84.36906729999998,,84.36249750000002,84.36906729999998,85.36066549999998,85.36066549999998,85.36066549999998,86.36145109999995,l,0.9899520000000166,None,02,001,2025-10-27_13h01.07.899,delayed_discount_experiment,,2025.1.1,60.01824554665471,2025-10-27 13h01.14.784210 +0530,
49,60,89,50,1,7,t,0.8310790000000452,None,7,1,50,4,86.37942250000003,,86.37395379999998,86.37942250000003,87.36057129999995,87.36057129999995,87.36057129999995,88.19649259999994,t,0.8310790000000452,None,02,001,2025-10-27_13h01.07.899,delayed_discount_experiment,,2025.1.1,60.01824554665471,2025-10-27 13h01.14.784210 +0530,
11,30,7,51,2,7,l,0.7042459000000463,None,7,2,51,0,88.22238619999996,,88.21576070000003,88.22238619999996,89.21014809999997,89.21014809999997,89.21014809999997,89.92858469999999,l,0.7042459000000463,None,02,001,2025-10-27_13h01.07.899,delayed_discount_experiment,,2025.1.1,60.01824554665471,2025-10-27 13h01.14.784210 +0530,
78,80,162,52,3,7,t,0.626984400000083,None,7,3,52,6,89.95469579999997,,89.94889060000003,89.95469579999997,90.9436892,90.9436892,90.9436892,91.57839590000003,t,0.626984400000083,None,02,001,2025-10-27_13h01.07.899,delayed_discount_experiment,,2025.1.1,60.01824554665471,2025-10-27 13h01.14.784210 +0530,
40,55,62,53,4,7,t,0.9506008000000747,None,7,4,53,3,91.60491909999996,,91.59924549999994,91.60491909999996,92.59341410000002,92.59341410000002,92.59341410000002,93.56044399999996,t,0.9506008000000747,None,02,001,2025-10-27_13h01.07.899,delayed_discount_experiment,,2025.1.1,60.01824554665471,2025-10-27 13h01.14.784210 +0530,
15,35,13,54,5,7,l,1.0082842000000483,None,7,5,54,1,93.57793819999995,,93.57310429999995,93.57793819999995,94.5595912,94.5595912,94.5595912,95.5777564,l,1.0082842000000483,None,02,001,2025-10-27_13h01.07.899,delayed_discount_experiment,,2025.1.1,60.01824554665471,2025-10-27 13h01.14.784210 +0530,
67,75,119,55,6,7,t,0.609668499999998,None,7,6,55,5,95.59967110000002,,95.594698,95.59967110000002,96.59339499999999,96.59339499999999,96.59339499999999,97.21010790000003,t,0.609668499999998,None,02,001,2025-10-27_13h01.07.899,delayed_discount_experiment,,2025.1.1,60.01824554665471,2025-10-27 13h01.14.784210 +0530,
11,30,7,56,0,8,l,0.7172756999999592,None,8,0,56,0,97.2261929,,97.22104839999997,97.2261929,98.2096338,98.2096338,98.2096338,98.94442800000002,l,0.7172756999999592,None,02,001,2025-10-27_13h01.07.899,delayed_discount_experiment,,2025.1.1,60.01824554665471,2025-10-27 13h01.14.784210 +0530,
49,60,89,57,1,8,t,1.6732808000000432,None,8,1,57,4,98.96953719999999,,98.96451960000002,98.96953719999999,99.95937919999994,99.95937919999994,99.95937919999994,101.64418739999996,t,1.6732808000000432,None,02,001,2025-10-27_13h01.07.899,delayed_discount_experiment,,2025.1.1,60.01824554665471,2025-10-27 13h01.14.784210 +0530,
27,50,21,58,2,8,l,0.7919815999999855,None,8,2,58,2,101.6700624,,101.66428999999994,101.6700624,102.65913679999994,102.65913679999994,102.65913679999994,103.46023639999999,l,0.7919815999999855,None,02,001,2025-10-27_13h01.07.899,delayed_discount_experiment,,2025.1.1,60.01824554665471,2025-10-27 13h01.14.784210 +0530,
78,80,162,59,3,8,t,1.8306477999999515,None,8,3,59,6,103.48448059999998,,103.47897130000001,103.48448059999998,104.4756734,104.4756734,104.4756734,106.30995519999999,t,1.8306477999999515,None,02,001,2025-10-27_13h01.07.899,delayed_discount_experiment,,2025.1.1,60.01824554665471,2025-10-27 13h01.14.784210 +0530,
15,35,13,60,4,8,l,0.7244481000000178,None,8,4,60,1,106.33547020000003,,106.33034620000001,106.33547020000003,107.32540340000003,107.32540340000003,107.32540340000003,108.05961230000003,l,0.7244481000000178,None,02,001,2025-10-27_13h01.07.899,delayed_discount_experiment,,2025.1.1,60.01824554665471,2025-10-27 13h01.14.784210 +0530,
40,55,62,61,5,8,t,0.7481348999999682,None,8,5,61,3,108.07885239999996,,108.07452669999998,108.07885239999996,109.05855229999997,109.05855229999997,109.05855229999997,109.81078249999996,t,0.7481348999999682,None,02,001,2025-10-27_13h01.07.899,delayed_discount_experiment,,2025.1.1,60.01824554665471,2025-10-27 13h01.14.784210 +0530,
67,75,119,62,6,8,t,4.261453500000016,None,8,6,62,5,109.83804369999996,,109.83194819999994,109.83804369999996,110.8250577,110.8250577,110.8250577,115.0925575,t,4.261453500000016,None,02,001,2025-10-27_13h01.07.899,delayed_discount_experiment,,2025.1.1,60.01824554665471,2025-10-27 13h01.14.784210 +0530,
49,60,89,63,0,9,t,1.8606666000000587,None,9,0,63,4,115.11881800000003,,115.112753,115.11881800000003,116.10789509999995,116.10789509999995,116.10789509999995,117.97600109999996,t,1.8606666000000587,None,02,001,2025-10-27_13h01.07.899,delayed_discount_experiment,,2025.1.1,60.01824554665471,2025-10-27 13h01.14.784210 +0530,
67,75,119,64,1,9,t,1.6950951000000032,None,9,1,64,5,118.00111129999993,,117.99521989999994,118.00111129999993,118.990949,118.990949,118.990949,120.69308779999994,t,1.6950951000000032,None,02,001,2025-10-27_13h01.07.899,delayed_discount_experiment,,2025.1.1,60.01824554665471,2025-10-27 13h01.14.784210 +0530,
40,55,62,65,2,9,t,0.901597000000038,None,9,2,65,3,120.71241659999998,,120.70778669999993,120.71241659999998,121.7071919,121.7071919,121.7071919,122.62547670000004,t,0.901597000000038,None,02,001,2025-10-27_13h01.07.899,delayed_discount_experiment,,2025.1.1,60.01824554665471,2025-10-27 13h01.14.784210 +0530,
15,35,13,66,3,9,l,0.9233371000000261,None,9,3,66,1,122.64993700000002,,122.64503790000003,122.64993700000002,123.64039930000001,123.64039930000001,123.64039930000001,124.57491129999994,l,0.9233371000000261,None,02,001,2025-10-27_13h01.07.899,delayed_discount_experiment,,2025.1.1,60.01824554665471,2025-10-27 13h01.14.784210 +0530,
11,30,7,67,4,9,l,1.1764612999999144,None,9,4,67,0,124.59965349999993,,124.59355849999997,124.59965349999993,125.59031870000001,125.59031870000001,125.59031870000001,126.77475830000003,l,1.1764612999999144,None,02,001,2025-10-27_13h01.07.899,delayed_discount_experiment,,2025.1.1,60.01824554665471,2025-10-27 13h01.14.784210 +0530,
78,80,162,68,5,9,t,1.9701899000000367,None,9,5,68,6,126.79756710000004,,126.79193329999998,126.79756710000004,127.78997549999997,127.78997549999997,127.78997549999997,129.77447929999994,t,1.9701899000000367,None,02,001,2025-10-27_13h01.07.899,delayed_discount_experiment,,2025.1.1,60.01824554665471,2025-10-27 13h01.14.784210 +0530,
27,50,21,69,6,9,l,0.7901203000000123,None,9,6,69,2,129.79714760000002,,129.79233,129.79714760000002,130.789666,130.789666,130.789666,131.59107069999993,l,0.7901203000000123,None,02,001,2025-10-27_13h01.07.899,delayed_discount_experiment,,2025.1.1,60.01824554665471,2025-10-27 13h01.14.784210 +0530,
49,60,89,70,0,10,t,1.434246499999972,None,10,0,70,4,131.61588599999993,,131.61016740000002,131.61588599999993,132.60571749999997,132.60571749999997,132.60571749999997,134.04200149999997,t,1.434246499999972,None,02,001,2025-10-27_13h01.07.899,delayed_discount_experiment,,2025.1.1,60.01824554665471,2025-10-27 13h01.14.784210 +0530,
67,75,119,71,1,10,t,0.991768900000011,None,10,1,71,5,134.06823369999995,,134.06227119999994,134.06823369999995,135.05587189999994,135.05587189999994,135.05587189999994,136.0561179,t,0.991768900000011,None,02,001,2025-10-27_13h01.07.899,delayed_discount_experiment,,2025.1.1,60.01824554665471,2025-10-27 13h01.14.784210 +0530,
15,35,13,72,2,10,l,1.4457011000000648,None,10,2,72,1,136.07197680000002,,136.06393990000004,136.07197680000002,137.05553269999996,137.05553269999996,137.05553269999996,138.50585160000003,l,1.4457011000000648,None,02,001,2025-10-27_13h01.07.899,delayed_discount_experiment,,2025.1.1,60.01824554665471,2025-10-27 13h01.14.784210 +0530,
40,55,62,73,3,10,t,1.907054599999924,None,10,3,73,3,138.52463449999993,,138.5192022,138.52463449999993,139.50536929999998,139.50536929999998,139.50536929999998,141.42349649999994,t,1.907054599999924,None,02,001,2025-10-27_13h01.07.899,delayed_discount_experiment,,2025.1.1,60.01824554665471,2025-10-27 13h01.14.784210 +0530,
11,30,7,74,4,10,l,2.0418617000000268,None,10,4,74,0,141.44823239999994,,141.4421903,141.44823239999994,142.43851499999994,142.43851499999994,142.43851499999994,144.48944759999995,l,2.0418617000000268,None,02,001,2025-10-27_13h01.07.899,delayed_discount_experiment,,2025.1.1,60.01824554665471,2025-10-27 13h01.14.784210 +0530,
27,50,21,75,5,10,t,1.6890240000000176,None,10,5,75,2,144.5130593,,144.50737789999994,144.5130593,145.50464169999998,145.50464169999998,145.50464169999998,147.2061069,t,1.6890240000000176,None,02,001,2025-10-27_13h01.07.899,delayed_discount_experiment,,2025.1.1,60.01824554665471,2025-10-27 13h01.14.784210 +0530,
78,80,162,76,6,10,t,2.964059700000007,None,10,6,76,6,147.22936170000003,,147.2247297,147.22936170000003,148.22084059999997,148.22084059999997,148.22084059999997,151.18898769999998,t,2.964059700000007,None,02,001,2025-10-27_13h01.07.899,delayed_discount_experiment,,2025.1.1,60.01824554665471,2025-10-27 13h01.14.784210 +0530,
67,75,119,77,0,11,t,1.1423880999999483,None,11,0,77,5,151.2138509,,151.20831179999993,151.2138509,152.2040968,152.2040968,152.2040968,153.35537469999997,t,1.1423880999999483,None,02,001,2025-10-27_13h01.07.899,delayed_discount_experiment,,2025.1.1,60.01824554665471,2025-10-27 13h01.14.784210 +0530,
27,50,21,78,1,11,l,0.8150172000000566,None,11,1,78,2,153.3787959,,153.3741572,153.3787959,154.37057989999994,154.37057989999994,154.37057989999994,155.18847649999998,l,0.8150172000000566,None,02,001,2025-10-27_13h01.07.899,delayed_discount_experiment,,2025.1.1,60.01824554665471,2025-10-27 13h01.14.784210 +0530,
40,55,62,79,2,11,t,1.0740892999999687,None,11,2,79,3,155.21455919999994,,155.2086653,155.21455919999994,156.20358929999998,156.20358929999998,156.20358929999998,157.2882704,t,1.0740892999999687,None,02,001,2025-10-27_13h01.07.899,delayed_discount_experiment,,2025.1.1,60.01824554665471,2025-10-27 13h01.14.784210 +0530,
15,35,13,80,3,11,l,1.6139229999999998,None,11,3,80,1,157.31067429999996,,157.3056825,157.31067429999996,158.30354269999998,158.30354269999998,158.30354269999998,159.92148959999997,l,1.6139229999999998,None,02,001,2025-10-27_13h01.07.899,delayed_discount_experiment,,2025.1.1,60.01824554665471,2025-10-27 13h01.14.784210 +0530,
49,60,89,81,4,11,t,2.9804066000000375,None,11,4,81,4,159.9469557,,159.94196269999998,159.9469557,160.93649340000002,160.93649340000002,160.93649340000002,163.92121329999998,t,2.9804066000000375,None,02,001,2025-10-27_13h01.07.899,delayed_discount_experiment,,2025.1.1,60.01824554665471,2025-10-27 13h01.14.784210 +0530,
11,30,7,82,5,11,l,1.2362357999999176,None,11,5,82,0,163.94481369999994,,163.9389178,163.94481369999994,164.93612889999997,164.93612889999997,164.93612889999997,166.1875751,l,1.2362357999999176,None,02,001,2025-10-27_13h01.07.899,delayed_discount_experiment,,2025.1.1,60.01824554665471,2025-10-27 13h01.14.784210 +0530,
78,80,162,83,6,11,t,1.381682000000069,None,11,6,83,6,166.2137616,,166.2084165,166.2137616,167.20280319999995,167.20280319999995,167.20280319999995,168.58690019999995,t,1.381682000000069,None,02,001,2025-10-27_13h01.07.899,delayed_discount_experiment,,2025.1.1,60.01824554665471,2025-10-27 13h01.14.784210 +0530,
67,75,119,84,0,12,t,0.8244448000000375,None,12,0,84,5,168.6038436,,168.59906490000003,168.6038436,169.6023745,169.6023745,169.6023745,170.43740319999995,t,0.8244448000000375,None,02,001,2025-10-27_13h01.07.899,delayed_discount_experiment,,2025.1.1,60.01824554665471,2025-10-27 13h01.14.784210 +0530,
40,55,62,85,1,12,t,0.6065791999999419,None,12,1,85,3,170.4513723,,170.44521180000004,170.4513723,171.45220940000002,171.45220940000002,171.45220940000002,172.07022499999994,t,0.6065791999999419,None,02,001,2025-10-27_13h01.07.899,delayed_discount_experiment,,2025.1.1,60.01824554665471,2025-10-27 13h01.14.784210 +0530,
11,30,7,86,2,12,l,0.8049015999999938,None,12,2,86,0,172.09366420000003,,172.0879559,172.09366420000003,173.08511039999996,173.08511039999996,173.08511039999996,173.9036307,l,0.8049015999999938,None,02,001,2025-10-27_13h01.07.899,delayed_discount_experiment,,2025.1.1,60.01824554665471,2025-10-27 13h01.14.784210 +0530,
49,60,89,87,3,12,t,0.792260400000032,None,12,3,87,4,173.9285102,,173.9234973,173.9285102,174.91847919999998,174.91847919999998,174.91847919999998,175.71960779999995,t,0.792260400000032,None,02,001,2025-10-27_13h01.07.899,delayed_discount_experiment,,2025.1.1,60.01824554665471,2025-10-27 13h01.14.784210 +0530,
27,50,21,88,4,12,l,0.9201527000000169,None,12,4,88,2,175.7463159,,175.7398283,175.7463159,176.73503370000003,176.73503370000003,176.73503370000003,177.66964840000003,l,0.9201527000000169,None,02,001,2025-10-27_13h01.07.899,delayed_discount_experiment,,2025.1.1,60.01824554665471,2025-10-27 13h01.14.784210 +0530,
15,35,13,89,5,12,t,0.659442199999944,None,12,5,89,1,177.69297689999996,,177.6882415,177.69297689999996,178.68487979999998,178.68487979999998,178.68487979999998,179.35270630000002,t,0.659442199999944,None,02,001,2025-10-27_13h01.07.899,delayed_discount_experiment,,2025.1.1,60.01824554665471,2025-10-27 13h01.14.784210 +0530,
78,80,162,90,6,12,t,0.7153887000000623,None,12,6,90,6,179.37772469999993,,179.37177569999994,179.37772469999993,180.36755829999993,180.36755829999993,180.36755829999993,181.08727950000002,t,0.7153887000000623,None,02,001,2025-10-27_13h01.07.899,delayed_discount_experiment,,2025.1.1,60.01824554665471,2025-10-27 13h01.14.784210 +0530,
78,80,162,91,0,13,t,0.47722909999993135,None,13,0,91,6,181.1012121,,181.08883489999994,181.1012121,182.10043499999995,182.10043499999995,182.10043499999995,182.584881,t,0.47722909999993135,None,02,001,2025-10-27_13h01.07.899,delayed_discount_experiment,,2025.1.1,60.01824554665471,2025-10-27 13h01.14.784210 +0530,
67,75,119,92,1,13,t,0.4318061999999827,None,13,1,92,5,182.60643730000004,,182.6010655,182.60643730000004,183.60071519999997,183.60071519999997,183.60071519999997,184.03483289999997,t,0.4318061999999827,None,02,001,2025-10-27_13h01.07.899,delayed_discount_experiment,,2025.1.1,60.01824554665471,2025-10-27 13h01.14.784210 +0530,
11,30,7,93,2,13,l,0.6252544000000171,None,13,2,93,0,184.05442859999994,,184.04863720000003,184.05442859999994,185.03412189999995,185.03412189999995,185.03412189999995,185.66963569999996,l,0.6252544000000171,None,02,001,2025-10-27_13h01.07.899,delayed_discount_experiment,,2025.1.1,60.01824554665471,2025-10-27 13h01.14.784210 +0530,
27,50,21,94,3,13,t,2.327453699999978,None,13,3,94,2,185.69103929999994,,185.68631549999998,185.69103929999994,186.68386109999994,186.68386109999994,186.68386109999994,189.01699499999995,t,2.327453699999978,None,02,001,2025-10-27_13h01.07.899,delayed_discount_experiment,,2025.1.1,60.01824554665471,2025-10-27 13h01.14.784210 +0530,
15,35,13,95,4,13,l,0.7751947000000428,None,13,4,95,1,189.03317429999993,,189.0205717,189.03317429999993,190.01692070000001,190.01692070000001,190.01692070000001,190.80048809999994,l,0.7751947000000428,None,02,001,2025-10-27_13h01.07.899,delayed_discount_experiment,,2025.1.1,60.01824554665471,2025-10-27 13h01.14.784210 +0530,
49,60,89,96,5,13,t,0.6137237000000368,None,13,5,96,4,190.81624920000002,,190.80944469999997,190.81624920000002,191.79958999999997,191.79958999999997,191.79958999999997,192.41910359999997,t,0.6137237000000368,None,02,001,2025-10-27_13h01.07.899,delayed_discount_experiment,,2025.1.1,60.01824554665471,2025-10-27 13h01.14.784210 +0530,
40,55,62,97,6,13,t,1.3117153999999118,None,13,6,97,3,192.44543699999997,,192.43954539999993,192.44543699999997,193.4333461,193.4333461,193.4333461,194.75160110000002,t,1.3117153999999118,None,02,001,2025-10-27_13h01.07.899,delayed_discount_experiment,,2025.1.1,60.01824554665471,2025-10-27 13h01.14.784210 +0530,
15,35,13,98,0,14,l,0.4917206999999735,None,14,0,98,1,194.77590980000002,,194.77142379999998,194.77590980000002,195.76602259999993,195.76602259999993,195.76602259999993,196.2666213,l,0.4917206999999735,None,02,001,2025-10-27_13h01.07.899,delayed_discount_experiment,,2025.1.1,60.01824554665471,2025-10-27 13h01.14.784210 +0530,
67,75,119,99,1,14,t,0.6261555999999473,None,14,1,99,5,196.2821662,,196.2748782,196.2821662,197.26554720000001,197.26554720000001,197.26554720000001,197.89962430000003,t,0.6261555999999473,None,02,001,2025-10-27_13h01.07.899,delayed_discount_experiment,,2025.1.1,60.01824554665471,2025-10-27 13h01.14.784210 +0530,
49,60,89,100,2,14,t,0.5635462999999845,None,14,2,100,4,197.91558939999993,,197.90833350000003,197.91558939999993,198.89941009999995,198.89941009999995,198.89941009999995,199.46734389999995,t,0.5635462999999845,None,02,001,2025-10-27_13h01.07.899,delayed_discount_experiment,,2025.1.1,60.01824554665471,2025-10-27 13h01.14.784210 +0530,
27,50,21,101,3,14,l,0.4948275999998941,None,14,3,101,2,199.49797419999993,,199.48983109999995,199.49797419999993,200.48225430000002,200.48225430000002,200.48225430000002,200.98236009999994,l,0.4948275999998941,None,02,001,2025-10-27_13h01.07.899,delayed_discount_experiment,,2025.1.1,60.01824554665471,2025-10-27 13h01.14.784210 +0530,
78,80,162,102,4,14,t,0.4048707000000604,None,14,4,102,6,200.99854949999997,,200.9887258,200.99854949999997,201.98252719999994,201.98252719999994,201.98252719999994,202.39897529999996,t,0.4048707000000604,None,02,001,2025-10-27_13h01.07.899,delayed_discount_experiment,,2025.1.1,60.01824554665471,2025-10-27 13h01.14.784210 +0530,
40,55,62,103,5,14,l,0.4474089999999933,None,14,5,103,3,202.41497400000003,,202.40699199999995,202.41497400000003,203.3989907,203.3989907,203.3989907,203.85010929999999,l,0.4474089999999933,None,02,001,2025-10-27_13h01.07.899,delayed_discount_experiment,,2025.1.1,60.01824554665471,2025-10-27 13h01.14.784210 +0530,
11,30,7,104,6,14,l,0.7956037999999808,None,14,6,104,0,203.87614499999995,,203.86983639999994,203.87614499999995,204.86554260000003,204.86554260000003,204.86554260000003,205.6657421,l,0.7956037999999808,None,02,001,2025-10-27_13h01.07.899,delayed_discount_experiment,,2025.1.1,60.01824554665471,2025-10-27 13h01.14.784210 +0530,
