thisN,thisTrialN,thisRepN,key_resp.keys,key_resp.corr,key_resp.rt,key_resp.duration,tilt,slider.response,slider.rt,trials.thisRepN,trials.thisTrialN,trials.thisN,trials.thisIndex,thisRow.t,notes,Instructions.started,text.started,Instructions.stopped,trial.started,Fixation.started,key_resp.started,Fixation.stopped,trial.stopped,trials.key_resp.keys,trials.key_resp.corr,trials.key_resp.rt,trials.key_resp.duration,trials.tilt,rating.started,slider.started,text_2.started,rating.stopped,trials.slider.response,trials.slider.rt,Thankyou.started,text_3.started,text_3.stopped,Thankyou.stopped,participant,session,date,expName,expVersion,psychopyVersion,frameRate,expStart,
,,,,,,,,,,,,,,,,0.0033836000075098127,0.009720200003357604,15.004146999999648,,,,,,,,,,,,,,,,,,,,,02,001,2025-11-10_11h02.20.670,solo project,,2025.1.1,60.07268795167799,2025-11-10 11h02.31.435204 +0530,
0,0,0,down,1,0.8151376000023447,None,7,5,2.6026910999935353,0,0,0,0,15.022710200006259,,,,,15.009630300002755,15.022710200006259,16.041721800007508,16.046917500003474,16.9666789000039,down,1,0.8151376000023447,None,7,16.96765810000943,16.975610100009362,16.975610100009362,19.585983600001782,5,2.6026910999935353,,,,,02,001,2025-11-10_11h02.20.670,solo project,,2025.1.1,60.07268795167799,2025-11-10 11h02.31.435204 +0530,
1,0,1,up,1,1.7517852999881143,None,0,5,1.2116400999948382,1,0,1,0,19.605042199997115,,,,,19.586191499998677,19.605042199997115,20.588266100006877,20.60218440000608,22.35302870000305,up,1,1.7517852999881143,None,0,22.357550600005197,22.369492800004082,22.369492800004082,23.58583890000591,5,1.2116400999948382,,,,,02,001,2025-11-10_11h02.20.670,solo project,,2025.1.1,60.07268795167799,2025-11-10 11h02.31.435204 +0530,
2,0,2,up,1,0.7613758000079542,None,0,5,1.1307740999909583,2,0,2,0,23.60493800000404,,,,,23.586061000009067,23.60493800000404,24.588066800002707,24.601765300001716,25.352216700004647,up,1,0.7613758000079542,None,0,25.355832300003385,25.368152299997746,25.368152299997746,26.501732500008075,5,1.1307740999909583,,,,,02,001,2025-11-10_11h02.20.670,solo project,,2025.1.1,60.07268795167799,2025-11-10 11h02.31.435204 +0530,
3,0,3,up,1,2.8405409999977564,None,0,5,0.9828952999960165,3,0,3,0,26.520819199999096,,,,,26.501901600000565,26.520819199999096,27.50473580000107,27.517965400009416,30.351267699996242,up,1,2.8405409999977564,None,0,30.352247500006342,30.36729209999612,30.36729209999612,31.351609300007112,5,0.9828952999960165,,,,,02,001,2025-11-10_11h02.20.670,solo project,,2025.1.1,60.07268795167799,2025-11-10 11h02.31.435204 +0530,
4,0,4,up,1,0.7843393999937689,None,0,5,1.1799400999880163,4,0,4,0,31.370721800005413,,,,,31.351948299998185,31.370721800005413,32.35402189999877,32.36749810000765,33.15140370000154,up,1,0.7843393999937689,None,0,33.155068799998844,33.167426600004546,33.167426600004546,34.351271400009864,5,1.1799400999880163,,,,,02,001,2025-11-10_11h02.20.670,solo project,,2025.1.1,60.07268795167799,2025-11-10 11h02.31.435204 +0530,
5,0,5,down,0,0.9095773000008194,None,0,3.025925925925926,2.7268883000069764,5,0,5,0,34.369974800007185,,,,,34.3514528000087,34.369974800007185,35.354103600009694,35.3677677000087,36.26897920000192,down,0,0.9095773000008194,None,0,36.275023299996974,36.2863045999984,36.2863045999984,39.01743560000614,3.025925925925926,2.7268883000069764,,,,,02,001,2025-11-10_11h02.20.670,solo project,,2025.1.1,60.07268795167799,2025-11-10 11h02.31.435204 +0530,
6,0,6,up,1,0.7259997999935877,None,0,5.0,1.7294049999909475,6,0,6,0,39.03651940000418,,,,,39.017618500001845,39.03651940000418,40.02001590000873,40.033595600005356,40.750826100003906,up,1,0.7259997999935877,None,0,40.75483200000599,40.76666930000647,40.76666930000647,42.500625200002105,5.0,1.7294049999909475,,,,,02,001,2025-11-10_11h02.20.670,solo project,,2025.1.1,60.07268795167799,2025-11-10 11h02.31.435204 +0530,
7,0,7,up,1,0.8781817999988561,None,0,4.040740740740741,2.6301985000027344,7,0,7,0,42.51953649999632,,,,,42.50084510000306,42.51953649999632,43.50288630000432,43.516350200006855,44.38410350000777,up,1,0.8781817999988561,None,0,44.38722859999689,44.39937230000214,44.39937230000214,47.03380430000834,4.040740740740741,2.6301985000027344,,,,,02,001,2025-11-10_11h02.20.670,solo project,,2025.1.1,60.07268795167799,2025-11-10 11h02.31.435204 +0530,
8,0,8,down,1,0.7134568000037689,None,-1,5,1.0615015999937896,8,0,8,0,47.05288610000571,,,,,47.03398740000557,47.05288610000571,48.03575750000891,48.04942000001029,48.7510489999986,down,1,0.7134568000037689,None,-1,48.75543079999625,48.76584420001018,48.76584420001018,49.833037300006254,5,1.0615015999937896,,,,,02,001,2025-11-10_11h02.20.670,solo project,,2025.1.1,60.07268795167799,2025-11-10 11h02.31.435204 +0530,
9,0,9,down,1,0.6197488000034355,None,-5,5,1.5466655000054743,9,0,9,0,49.85215780000726,,,,,49.833415400004014,49.85215780000726,50.83551960000477,50.849050700009684,51.46629260000191,down,1,0.6197488000034355,None,-5,51.46964660000231,51.48221339999873,51.48221339999873,53.03273340000305,5,1.5466655000054743,,,,,02,001,2025-11-10_11h02.20.670,solo project,,2025.1.1,60.07268795167799,2025-11-10 11h02.31.435204 +0530,
10,0,10,up,1,0.8198640999908093,None,0,5,1.8965310000057798,10,0,10,0,53.05164679999871,,,,,53.032954499998596,53.05164679999871,54.03555040000356,54.048843299999135,54.86629649999668,up,1,0.8198640999908093,None,0,54.8696506999986,54.881809300000896,54.881809300000896,56.782475500003784,5,1.8965310000057798,,,,,02,001,2025-11-10_11h02.20.670,solo project,,2025.1.1,60.07268795167799,2025-11-10 11h02.31.435204 +0530,
11,0,11,down,1,0.8115416999935405,None,2,5,1.4456586000014795,11,0,11,0,56.80148540000664,,,,,56.782730500010075,56.80148540000664,57.78484350000508,57.79864059999818,58.599030199999106,down,1,0.8115416999935405,None,2,58.60315750000882,58.61504309999873,58.61504309999873,60.06525739999779,5,1.4456586000014795,,,,,02,001,2025-11-10_11h02.20.670,solo project,,2025.1.1,60.07268795167799,2025-11-10 11h02.31.435204 +0530,
12,0,12,down,0,0.9882297000003746,None,0,5,1.2627123999991454,12,0,12,0,60.08506670000497,,,,,60.065419300008216,60.08506670000497,61.067887600001995,61.08151000000362,62.06579970000894,down,0,0.9882297000003746,None,0,62.06973640000797,62.08131229999708,62.08131229999708,63.34867010000744,5,1.2627123999991454,,,,,02,001,2025-11-10_11h02.20.670,solo project,,2025.1.1,60.07268795167799,2025-11-10 11h02.31.435204 +0530,
13,0,13,up,1,0.8090555000089807,None,0,4.025925925925926,3.4959086000017123,13,0,13,0,63.367208600000595,,,,,63.34890270000324,63.367208600000595,64.35096429999976,64.36466530000325,65.16508350000367,up,1,0.8090555000089807,None,0,65.16903830000956,65.18084149999777,65.18084149999777,68.68113490000542,4.025925925925926,3.4959086000017123,,,,,02,001,2025-11-10_11h02.20.670,solo project,,2025.1.1,60.07268795167799,2025-11-10 11h02.31.435204 +0530,
14,0,14,down,1,0.9601168000081088,None,-9,5,1.2958350999979302,14,0,14,0,68.70004229999904,,,,,68.68133880000096,68.70004229999904,69.6837058000092,69.69732550000481,70.64857390000543,down,1,0.9601168000081088,None,-9,70.65212820000306,70.66370520000055,70.66370520000055,71.96447000000626,5,1.2958350999979302,,,,,02,001,2025-11-10_11h02.20.670,solo project,,2025.1.1,60.07268795167799,2025-11-10 11h02.31.435204 +0530,
15,0,15,down,1,0.7555798999965191,None,7,5,1.246815400008927,15,0,15,0,71.98348219999752,,,,,71.96470769999723,71.98348219999752,72.9668357000046,72.98043619999953,73.73082270000305,down,1,0.7555798999965191,None,7,73.73425789999601,73.74657119999756,73.74657119999756,74.99739910000062,5,1.246815400008927,,,,,02,001,2025-11-10_11h02.20.670,solo project,,2025.1.1,60.07268795167799,2025-11-10 11h02.31.435204 +0530,
16,0,16,down,0,1.1231011999916518,None,0,4.018518518518519,2.4625954999937676,16,0,16,0,75.01620969999931,,,,,74.99770540000463,75.01620969999931,76.00014600000577,76.01369960000739,77.13077940000221,down,0,1.1231011999916518,None,0,77.13466039999912,77.14648090000264,77.14648090000264,79.61356630000228,4.018518518518519,2.4625954999937676,,,,,02,001,2025-11-10_11h02.20.670,solo project,,2025.1.1,60.07268795167799,2025-11-10 11h02.31.435204 +0530,
17,0,17,up,1,0.4209763999970164,None,0,5,1.0471405999996932,17,0,17,0,79.63215879999916,,,,,79.6137965000089,79.63215879999916,80.6159181999974,80.62959769999725,81.04675839999982,up,1,0.4209763999970164,None,0,81.04979820000881,81.06276090000756,81.06276090000756,82.11332980000589,5,1.0471405999996932,,,,,02,001,2025-11-10_11h02.20.670,solo project,,2025.1.1,60.07268795167799,2025-11-10 11h02.31.435204 +0530,
18,0,18,down,1,0.6153682000003755,None,9,5,1.5975863999919966,18,0,18,0,82.13253780000377,,,,,82.11351389999618,82.13253780000377,83.11561989999609,83.12930960000085,83.7465177999984,down,1,0.6153682000003755,None,9,83.74948650000442,83.76233209999918,83.76233209999918,85.36296179999772,5,1.5975863999919966,,,,,02,001,2025-11-10_11h02.20.670,solo project,,2025.1.1,60.07268795167799,2025-11-10 11h02.31.435204 +0530,
19,0,19,up,1,0.5491913000005297,None,0,3.0185185185185186,2.4968300000036834,19,0,19,0,85.38176830000884,,,,,85.36316340000485,85.38176830000884,86.36534650000976,86.37901330000022,86.9295523000037,up,1,0.5491913000005297,None,0,86.93262900000263,86.9454187000083,86.9454187000083,89.44576650000818,3.0185185185185186,2.4968300000036834,,,,,02,001,2025-11-10_11h02.20.670,solo project,,2025.1.1,60.07268795167799,2025-11-10 11h02.31.435204 +0530,
20,0,20,up,0,0.603248799990979,None,1,4.018518518518519,1.6965301000018371,20,0,20,0,89.46474480000325,,,,,89.44600170000922,89.46474480000325,90.44836180000857,90.46191150000959,91.06254759999865,up,0,0.603248799990979,None,1,91.06609300000127,91.07835680000426,91.07835680000426,92.77870550000807,4.018518518518519,1.6965301000018371,,,,,02,001,2025-11-10_11h02.20.670,solo project,,2025.1.1,60.07268795167799,2025-11-10 11h02.31.435204 +0530,
21,0,21,up,0,0.9220008999982383,None,0,4.037037037037037,2.4787203000014415,21,0,21,0,92.79774280000129,,,,,92.77890150000167,92.79774280000129,93.7813438000012,93.79496220000146,94.7127024000074,up,0,0.9220008999982383,None,0,94.71656440000515,94.72806100000162,94.72806100000162,97.21161199999915,4.037037037037037,2.4787203000014415,,,,,02,001,2025-11-10_11h02.20.670,solo project,,2025.1.1,60.07268795167799,2025-11-10 11h02.31.435204 +0530,
22,0,22,down,0,0.6393339999922318,None,0,1.0,3.56277350000164,22,0,22,0,97.23065250000218,,,,,97.21180950000416,97.23065250000218,98.21427150000818,98.22776010000962,98.86165299999993,down,0,0.6393339999922318,None,0,98.86510710000584,98.87766120000742,98.87766120000742,102.44455949999974,1.0,3.56277350000164,,,,,02,001,2025-11-10_11h02.20.670,solo project,,2025.1.1,60.07268795167799,2025-11-10 11h02.31.435204 +0530,
23,0,23,down,1,0.7248067000036826,None,-8,5,1.3472200999967754,23,0,23,0,102.46332009999605,,,,,102.4447358000034,102.46332009999605,103.44694310000341,103.46058400000038,104.17757260000508,down,1,0.7248067000036826,None,-8,104.18096420000074,104.19366250000894,104.19366250000894,105.54417900000408,5,1.3472200999967754,,,,,02,001,2025-11-10_11h02.20.670,solo project,,2025.1.1,60.07268795167799,2025-11-10 11h02.31.435204 +0530,
24,0,24,down,0,0.8044003999966662,None,0,4.007407407407407,2.545541700004833,24,0,24,0,105.56320380000398,,,,,105.54438550000486,105.56320380000398,106.54665270000987,106.56026929999643,107.36111199999868,down,0,0.8044003999966662,None,0,107.36512930000026,107.37672070000554,107.37672070000554,109.92747660000168,4.007407407407407,2.545541700004833,,,,,02,001,2025-11-10_11h02.20.670,solo project,,2025.1.1,60.07268795167799,2025-11-10 11h02.31.435204 +0530,
25,0,25,down,1,0.6425754999945639,None,-8,4.0,2.412687399992137,25,0,25,0,109.94643350000842,,,,,109.92766509999637,109.94643350000842,110.92978310000035,110.94337429999723,111.57719189999625,down,1,0.6425754999945639,None,-8,111.58113330000197,111.5931253000017,111.5931253000017,114.00995590000821,4.0,2.412687399992137,,,,,02,001,2025-11-10_11h02.20.670,solo project,,2025.1.1,60.07268795167799,2025-11-10 11h02.31.435204 +0530,
26,0,26,up,0,0.6276546000008238,None,0,5,1.031320499998401,26,0,26,0,114.02904740000668,,,,,114.01018730000942,114.02904740000668,115.01292029999604,115.02645340000163,115.64386910000758,up,0,0.6276546000008238,None,0,115.64763700000185,115.65944590000436,115.65944590000436,116.69312850000279,5,1.031320499998401,,,,,02,001,2025-11-10_11h02.20.670,solo project,,2025.1.1,60.07268795167799,2025-11-10 11h02.31.435204 +0530,
27,0,27,down,1,0.5735181000054581,None,6,5,1.1632588999927975,27,0,27,0,116.71180910000112,,,,,116.69330450000416,116.71180910000112,117.69553300000553,117.70904960000189,118.2766871000058,down,1,0.5735181000054581,None,6,118.27990249999857,118.2923368000047,118.2923368000047,119.45922489999793,5,1.1632588999927975,,,,,02,001,2025-11-10_11h02.20.670,solo project,,2025.1.1,60.07268795167799,2025-11-10 11h02.31.435204 +0530,
28,0,28,down,1,0.6342504000058398,None,-7,5,0.9966240000067046,28,0,28,0,119.47861879999982,,,,,119.45944820001023,119.47861879999982,120.46196300000884,120.47558850000496,121.10957519999647,down,1,0.6342504000058398,None,-7,121.11305569999968,121.1253599000047,121.1253599000047,122.12571980000939,5,0.9966240000067046,,,,,02,001,2025-11-10_11h02.20.670,solo project,,2025.1.1,60.07268795167799,2025-11-10 11h02.31.435204 +0530,
29,0,29,up,1,0.6114687999943271,None,0,4.959259259259259,1.3635645999893313,29,0,29,0,122.14490959999966,,,,,122.12591670000984,122.14490959999966,123.1282482999959,123.1420863000094,123.74230179999722,up,1,0.6114687999943271,None,0,123.745814599999,123.75847539999813,123.75847539999813,125.1256604000082,4.959259259259259,1.3635645999893313,,,,,02,001,2025-11-10_11h02.20.670,solo project,,2025.1.1,60.07268795167799,2025-11-10 11h02.31.435204 +0530,
30,0,30,up,1,0.8282235999940895,None,0,5,0.8788686000043526,30,0,30,0,125.145171199998,,,,,125.12582139999722,125.145171199998,126.12815020000562,126.14172290000715,126.95982660001027,up,1,0.8282235999940895,None,0,126.96351200000208,126.97468320000917,126.97468320000917,127.85908200000995,5,0.8788686000043526,,,,,02,001,2025-11-10_11h02.20.670,solo project,,2025.1.1,60.07268795167799,2025-11-10 11h02.31.435204 +0530,
31,0,31,up,0,0.7849178000033135,None,2,5,1.047057500007213,31,0,31,0,127.8783270999993,,,,,127.85931790000177,127.8783270999993,128.8611122000002,128.87472510000225,129.65888430000632,up,0,0.7849178000033135,None,2,129.66213749999588,129.67440230000648,129.67440230000648,130.7249695000064,5,1.047057500007213,,,,,02,001,2025-11-10_11h02.20.670,solo project,,2025.1.1,60.07268795167799,2025-11-10 11h02.31.435204 +0530,
32,0,32,up,1,0.6920856000069762,None,0,5,1.447400999997626,32,0,32,0,130.74426680000033,,,,,130.72512790000474,130.74426680000033,131.7274868000095,131.74096870000358,132.42483220000577,up,1,0.6920856000069762,None,0,132.4278842000058,132.44086470000912,132.44086470000912,133.89146369999798,5,1.447400999997626,,,,,02,001,2025-11-10_11h02.20.670,solo project,,2025.1.1,60.07268795167799,2025-11-10 11h02.31.435204 +0530,
33,0,33,up,0,0.7612091999908444,None,1,5,1.3481115000031423,33,0,33,0,133.91055709999637,,,,,133.8916814999975,133.91055709999637,134.89389590000792,134.9074832000042,135.65752670000074,up,0,0.7612091999908444,None,1,135.66084660000342,135.67387150001014,135.67387150001014,137.0244720000046,5,1.3481115000031423,,,,,02,001,2025-11-10_11h02.20.670,solo project,,2025.1.1,60.07268795167799,2025-11-10 11h02.31.435204 +0530,
34,0,34,down,1,0.6985159000032581,None,4,5,1.147117000000435,34,0,34,0,137.04317800000717,,,,,137.02464980000514,137.04317800000717,138.0268136000086,138.04061569999612,138.74106120000943,down,1,0.6985159000032581,None,4,138.7444380000088,138.75696790000075,138.75696790000075,139.90735340000538,5,1.147117000000435,,,,,02,001,2025-11-10_11h02.20.670,solo project,,2025.1.1,60.07268795167799,2025-11-10 11h02.31.435204 +0530,
35,0,35,down,1,0.7987498000002233,None,3,3.033333333333333,2.4301068000058876,35,0,35,0,139.92657090000284,,,,,139.9075215000048,139.92657090000284,140.91006290000223,140.92363750000368,141.7243598000059,down,1,0.7987498000002233,None,3,141.7277943000081,141.7401041999983,141.7401041999983,144.17376279999735,3.033333333333333,2.4301068000058876,,,,,02,001,2025-11-10_11h02.20.670,solo project,,2025.1.1,60.07268795167799,2025-11-10 11h02.31.435204 +0530,
36,0,36,down,1,1.3369698000024073,None,-1,4.011111111111111,1.364291099991533,36,0,36,0,144.1924788000033,,,,,144.17397030000575,144.1924788000033,145.17623290000483,145.18990640000266,146.52389630000107,down,1,1.3369698000024073,None,-1,146.52688550000312,146.5396008000098,146.5396008000098,147.90671670000302,4.011111111111111,1.364291099991533,,,,,02,001,2025-11-10_11h02.20.670,solo project,,2025.1.1,60.07268795167799,2025-11-10 11h02.31.435204 +0530,
37,0,37,up,1,0.7687154999875929,None,0,5,0.7462800000066636,37,0,37,0,147.9257510000025,,,,,147.90693130000727,147.9257510000025,148.90939939999953,148.92275620000146,149.69026730000041,up,1,0.7687154999875929,None,0,149.6942451000068,149.70569940000132,149.70569940000132,150.45652330000303,5,0.7462800000066636,,,,,02,001,2025-11-10_11h02.20.670,solo project,,2025.1.1,60.07268795167799,2025-11-10 11h02.31.435204 +0530,
38,0,38,down,1,0.7153333000023849,None,-6,4.988888888888889,1.1956715999986045,38,0,38,0,150.4757677000016,,,,,150.45681879999756,150.4757677000016,151.4591505999997,151.47248750001017,152.1901133000065,down,1,0.7153333000023849,None,-6,152.19424640000216,152.20576730000903,152.20576730000903,153.40594260000216,4.988888888888889,1.1956715999986045,,,,,02,001,2025-11-10_11h02.20.670,solo project,,2025.1.1,60.07268795167799,2025-11-10 11h02.31.435204 +0530,
39,0,39,up,1,0.6978748999972595,None,0,5,0.7954937999893446,39,0,39,0,153.4251426999981,,,,,153.40614620000997,153.4251426999981,154.4086391000019,154.42224880000867,155.12353320000693,up,1,0.6978748999972595,None,0,155.12803210000857,155.13875389999885,155.13875389999885,155.93923570000334,5,0.7954937999893446,,,,,02,001,2025-11-10_11h02.20.670,solo project,,2025.1.1,60.07268795167799,2025-11-10 11h02.31.435204 +0530,
40,0,40,down,1,0.7639142000116408,None,-1,4.033333333333333,2.0947801000002073,40,0,40,0,155.9579589000059,,,,,155.93957919999957,155.9579589000059,156.94153180001013,156.9549832000048,157.7067662000045,down,1,0.7639142000116408,None,-1,157.71084240000346,157.721927400009,157.721927400009,159.82219330000225,4.033333333333333,2.0947801000002073,,,,,02,001,2025-11-10_11h02.20.670,solo project,,2025.1.1,60.07268795167799,2025-11-10 11h02.31.435204 +0530,
41,0,41,down,0,0.9151771000033477,None,0,4.003703703703704,1.1295249000104377,41,0,41,0,159.84108710000874,,,,,159.82241390000854,159.84108710000874,160.8245767000044,160.83832680000341,161.75600340000528,down,0,0.9151771000033477,None,0,161.7594653999986,161.7712370000081,161.7712370000081,162.90493020000577,4.003703703703704,1.1295249000104377,,,,,02,001,2025-11-10_11h02.20.670,solo project,,2025.1.1,60.07268795167799,2025-11-10 11h02.31.435204 +0530,
42,0,42,up,1,0.9318514000042342,None,0,5,0.7624652999948012,42,0,42,0,162.92423640000925,,,,,162.90509630000452,162.92423640000925,163.90759790000448,163.9212705999962,164.8553363000101,up,1,0.9318514000042342,None,0,164.85959510000248,164.87127099999634,164.87127099999634,165.63829709999845,5,0.7624652999948012,,,,,02,001,2025-11-10_11h02.20.670,solo project,,2025.1.1,60.07268795167799,2025-11-10 11h02.31.435204 +0530,
43,0,43,down,1,0.6821118000079878,None,-8,5,1.046276900000521,43,0,43,0,165.65698810000322,,,,,165.6385275000066,165.65698810000322,166.64089490000333,166.654660900007,167.3382527000067,down,1,0.6821118000079878,None,-8,167.3419328000018,167.3541469000047,167.3541469000047,168.40472230000887,5,1.046276900000521,,,,,02,001,2025-11-10_11h02.20.670,solo project,,2025.1.1,60.07268795167799,2025-11-10 11h02.31.435204 +0530,
44,0,44,down,1,0.6912810999929206,None,-5,5,0.9282124000019394,44,0,44,0,168.4238439000037,,,,,168.40488840000762,168.4238439000037,169.40672850000556,169.4203300000081,170.104888700007,down,1,0.6912810999929206,None,-5,170.11019030000898,170.1205370000098,170.1205370000098,171.05428779999784,5,0.9282124000019394,,,,,02,001,2025-11-10_11h02.20.670,solo project,,2025.1.1,60.07268795167799,2025-11-10 11h02.31.435204 +0530,
45,0,45,up,1,0.6268364999996265,None,0,5,0.7789647999888984,45,0,45,0,171.07328280000365,,,,,171.05457550000574,171.07328280000365,172.056648400001,172.07010589999845,172.68811129999813,up,1,0.6268364999996265,None,0,172.69232240000565,172.70364570000675,172.70364570000675,173.48735950000992,5,0.7789647999888984,,,,,02,001,2025-11-10_11h02.20.670,solo project,,2025.1.1,60.07268795167799,2025-11-10 11h02.31.435204 +0530,
46,0,46,up,1,0.6575942999916151,None,0,5,1.014356300001964,46,0,46,0,173.50666929999716,,,,,173.48755679999886,173.50666929999716,174.48969280000892,174.50335860000632,175.1540939999977,up,1,0.6575942999916151,None,0,175.15715549999732,175.16979909999645,175.16979909999645,176.18706320000638,5,1.014356300001964,,,,,02,001,2025-11-10_11h02.20.670,solo project,,2025.1.1,60.07268795167799,2025-11-10 11h02.31.435204 +0530,
47,0,47,down,1,0.5950854999973672,None,-10,5,1.8101411999959964,47,0,47,0,176.2059886000061,,,,,176.18724060000386,176.2059886000061,177.189858800004,177.2032867000089,177.78806020000775,down,1,0.5950854999973672,None,-10,177.79366460000165,177.80522570000903,177.80522570000903,179.62058630000683,5,1.8101411999959964,,,,,02,001,2025-11-10_11h02.20.670,solo project,,2025.1.1,60.07268795167799,2025-11-10 11h02.31.435204 +0530,
48,0,48,up,1,0.6487246000033338,None,0,5,1.0654705999913858,48,0,48,0,179.63949820000562,,,,,179.62074399999983,179.63949820000562,180.62280130000727,180.63597909999953,181.28632330000983,up,1,0.6487246000033338,None,0,181.28832220000913,181.3026816000056,181.3026816000056,182.36999130000186,5,1.0654705999913858,,,,,02,001,2025-11-10_11h02.20.670,solo project,,2025.1.1,60.07268795167799,2025-11-10 11h02.31.435204 +0530,
49,0,49,up,1,0.7875331000104779,None,0,5,1.4456016000040108,49,0,49,0,182.3889485999971,,,,,182.37014790000103,182.3889485999971,183.37239299999783,183.3856792000006,184.170085500009,up,1,0.7875331000104779,None,0,184.1749542000034,184.18589780000912,184.18589780000912,185.63608389999717,5,1.4456016000040108,,,,,02,001,2025-11-10_11h02.20.670,solo project,,2025.1.1,60.07268795167799,2025-11-10 11h02.31.435204 +0530,
50,0,50,down,1,0.8305601000029128,None,6,4.025925925925926,1.997317400004249,50,0,50,0,185.6556746999995,,,,,185.63625930000853,185.6556746999995,186.6388697000075,186.65237720000732,187.4860664000007,down,1,0.8305601000029128,None,6,187.48955720000959,187.50207220000448,187.50207220000448,189.50251530000241,4.025925925925926,1.997317400004249,,,,,02,001,2025-11-10_11h02.20.670,solo project,,2025.1.1,60.07268795167799,2025-11-10 11h02.31.435204 +0530,
51,0,51,down,1,0.842203200008953,None,-5,5,0.9638756999920588,51,0,51,0,189.52136340001016,,,,,189.5027318000066,189.52136340001016,190.50483060000988,190.51861710000958,191.3522970000049,down,1,0.842203200008953,None,-5,191.35574990000168,191.36843499999668,191.36843499999668,192.33559650000825,5,0.9638756999920588,,,,,02,001,2025-11-10_11h02.20.670,solo project,,2025.1.1,60.07268795167799,2025-11-10 11h02.31.435204 +0530,
52,0,52,up,1,0.5544900000095367,None,0,5,2.145491499992204,52,0,52,0,192.3545085000078,,,,,192.3357765999972,192.3545085000078,193.33781710000767,193.3517692000023,193.9025483000005,up,1,0.5544900000095367,None,0,193.90734040000825,193.91801049999776,193.91801049999776,196.06882719999703,5,2.145491499992204,,,,,02,001,2025-11-10_11h02.20.670,solo project,,2025.1.1,60.07268795167799,2025-11-10 11h02.31.435204 +0530,
53,0,53,down,1,0.8707966999936616,None,-1,3.0074074074074075,2.162284999998519,53,0,53,0,196.08726460000616,,,,,196.06906470000104,196.08726460000616,197.07091019999643,197.08469550000154,197.95232029999897,down,1,0.8707966999936616,None,-1,197.95614249999926,197.96785960000125,197.96785960000125,200.1353567000042,3.0074074074074075,2.162284999998519,,,,,02,001,2025-11-10_11h02.20.670,solo project,,2025.1.1,60.07268795167799,2025-11-10 11h02.31.435204 +0530,
54,0,54,up,0,0.6656645000039134,None,0,5,1.1295931999920867,54,0,54,0,200.15382500000123,,,,,200.13552470000286,200.15382500000123,201.13724229999934,201.1508063000074,201.81851599999936,up,0,0.6656645000039134,None,0,201.82193240000925,201.83416399999987,201.83416399999987,202.9680531000049,5,1.1295931999920867,,,,,02,001,2025-11-10_11h02.20.670,solo project,,2025.1.1,60.07268795167799,2025-11-10 11h02.31.435204 +0530,
55,0,55,down,1,0.745127300004242,None,-2,4.011111111111111,2.3622273999935715,55,0,55,0,202.9868151999981,,,,,202.96829509999952,202.9868151999981,203.97042630000215,203.98394639999606,204.71904750000976,down,1,0.745127300004242,None,-2,204.72286670000176,204.7337625000073,204.7337625000073,207.10124430000724,4.011111111111111,2.3622273999935715,,,,,02,001,2025-11-10_11h02.20.670,solo project,,2025.1.1,60.07268795167799,2025-11-10 11h02.31.435204 +0530,
56,0,56,down,1,0.6002984000078868,None,5,5,3.0967410000012023,56,0,56,0,207.11959450000722,,,,,207.10141289999592,207.11959450000722,208.10329379999894,208.11682969999674,208.7174284000066,down,1,0.6002984000078868,None,5,208.72048550000181,208.7332507000101,208.7332507000101,211.83360290000564,5,3.0967410000012023,,,,,02,001,2025-11-10_11h02.20.670,solo project,,2025.1.1,60.07268795167799,2025-11-10 11h02.31.435204 +0530,
57,0,57,down,1,1.1128303000004962,None,5,5,1.5788517000037245,57,0,57,0,211.8524888999964,,,,,211.83388269999705,211.8524888999964,212.8359771999967,212.84951630000432,213.95099350000964,down,1,1.1128303000004962,None,5,213.95504519999668,213.96610489999875,213.96610489999875,215.5500508999976,5,1.5788517000037245,,,,,02,001,2025-11-10_11h02.20.670,solo project,,2025.1.1,60.07268795167799,2025-11-10 11h02.31.435204 +0530,
58,0,58,up,1,1.2160237999923993,None,0,3.011111111111111,1.9456852000002982,58,0,58,0,215.5690462000057,,,,,215.5503366000048,215.5690462000057,216.55248030000075,216.56604459999653,217.7837056999997,up,1,1.2160237999923993,None,0,217.78759390000778,217.7992277000012,217.7992277000012,219.74969749999582,3.011111111111111,1.9456852000002982,,,,,02,001,2025-11-10_11h02.20.670,solo project,,2025.1.1,60.07268795167799,2025-11-10 11h02.31.435204 +0530,
59,0,59,down,1,0.6729794999992009,None,3,5,1.2620289000042249,59,0,59,0,219.76836810000532,,,,,219.74992000000202,219.76836810000532,220.75168319999648,220.7653333000053,221.4335141000047,down,1,0.6729794999992009,None,3,221.4377533000079,221.44870410001022,221.44870410001022,222.71573280000302,5,1.2620289000042249,,,,,02,001,2025-11-10_11h02.20.670,solo project,,2025.1.1,60.07268795167799,2025-11-10 11h02.31.435204 +0530,
60,0,60,down,1,0.7105098000029102,None,-9,5,1.646086299995659,60,0,60,0,222.73509780000313,,,,,222.71592390000296,222.73509780000313,223.71827219999977,223.73183699999936,224.4333350000088,down,1,0.7105098000029102,None,-9,224.43635370000266,224.448467299997,224.448467299997,226.09876560000703,5,1.646086299995659,,,,,02,001,2025-11-10_11h02.20.670,solo project,,2025.1.1,60.07268795167799,2025-11-10 11h02.31.435204 +0530,
61,0,61,up,1,0.7955877999920631,None,0,5,1.1572443000040948,61,0,61,0,226.11806600001,,,,,226.0989258000045,226.11806600001,227.1013338000048,227.114611099998,227.90047799999593,up,1,0.7955877999920631,None,0,227.90820910000184,227.9195238000102,227.9195238000102,229.08215670000936,5,1.1572443000040948,,,,,02,001,2025-11-10_11h02.20.670,solo project,,2025.1.1,60.07268795167799,2025-11-10 11h02.31.435204 +0530,
62,0,62,down,1,0.632042299999739,None,-2,4.022222222222222,2.2804873999994015,62,0,62,0,229.10108110000147,,,,,229.08236080000643,229.10108110000147,230.08433520000835,230.09782500000438,230.731646500004,down,1,0.632042299999739,None,-2,230.73510879999958,230.74772690000827,230.74772690000827,233.03188399999635,4.022222222222222,2.2804873999994015,,,,,02,001,2025-11-10_11h02.20.670,solo project,,2025.1.1,60.07268795167799,2025-11-10 11h02.31.435204 +0530,
63,0,63,down,1,0.9457287999975961,None,-5,4.003703703703704,1.275605100003304,63,0,63,0,233.0505994999985,,,,,233.03210959999706,233.0505994999985,234.03396420000354,234.0474314000021,234.98345010000048,down,1,0.9457287999975961,None,-5,234.98982990000513,235.00102199999674,235.00102199999674,236.28127320000203,4.003703703703704,1.275605100003304,,,,,02,001,2025-11-10_11h02.20.670,solo project,,2025.1.1,60.07268795167799,2025-11-10 11h02.31.435204 +0530,
64,0,64,up,1,0.7442541999917012,None,0,5,1.2625229999976,64,0,64,0,236.30011959999683,,,,,236.28143380000256,236.30011959999683,237.28370539999742,237.2972854999971,238.03182129999914,up,1,0.7442541999917012,None,0,238.03531790000852,238.047109799998,238.047109799998,239.31460130000778,5,1.2625229999976,,,,,02,001,2025-11-10_11h02.20.670,solo project,,2025.1.1,60.07268795167799,2025-11-10 11h02.31.435204 +0530,
65,0,65,down,1,0.8535121000022627,None,5,4.051851851851852,2.811326300012297,65,0,65,0,239.3334162000101,,,,,239.31480310000188,239.3334162000101,240.3167902999994,240.33019710000372,241.18145560000266,down,1,0.8535121000022627,None,5,241.1859964000032,241.19741999999678,241.19741999999678,244.01355499999772,4.051851851851852,2.811326300012297,,,,,02,001,2025-11-10_11h02.20.670,solo project,,2025.1.1,60.07268795167799,2025-11-10 11h02.31.435204 +0530,
66,0,66,up,1,1.330770600005053,None,0,3.033333333333333,1.9823248000029707,66,0,66,0,244.03290900000138,,,,,244.01372149999952,244.03290900000138,245.0162599000032,245.029534900008,246.36316449999867,up,1,1.330770600005053,None,0,246.3643796999968,246.3795434000058,246.3795434000058,248.36336990000564,3.033333333333333,1.9823248000029707,,,,,02,001,2025-11-10_11h02.20.670,solo project,,2025.1.1,60.07268795167799,2025-11-10 11h02.31.435204 +0530,
67,0,67,down,1,0.8431678000051761,None,3,4.018518518518519,1.9158678999956464,67,0,67,0,248.38231950000045,,,,,248.3636043000006,248.38231950000045,249.36563919999753,249.37887880000926,250.21245099999942,down,1,0.8431678000051761,None,3,250.21373610000592,250.22892750000756,250.22892750000756,252.1461258000054,4.018518518518519,1.9158678999956464,,,,,02,001,2025-11-10_11h02.20.670,solo project,,2025.1.1,60.07268795167799,2025-11-10 11h02.31.435204 +0530,
68,0,68,up,1,0.7680056000099285,None,0,5,1.0663656999968225,68,0,68,0,252.16530170000624,,,,,252.1463211000082,252.16530170000624,253.14923989999807,253.16206480000983,253.92884649999905,up,1,0.7680056000099285,None,0,253.9301143000048,253.94511860000785,253.94511860000785,255.0125468000042,5,1.0663656999968225,,,,,02,001,2025-11-10_11h02.20.670,solo project,,2025.1.1,60.07268795167799,2025-11-10 11h02.31.435204 +0530,
69,0,69,up,1,0.7787199000013061,None,0,5,1.36710000000312,69,0,69,0,255.0315197000018,,,,,255.01273980000406,255.0315197000018,256.0151787000068,256.02837700000964,256.7950354000059,up,1,0.7787199000013061,None,0,256.7960235000064,256.8115755000035,256.8115755000035,258.1791501999978,5,1.36710000000312,,,,,02,001,2025-11-10_11h02.20.670,solo project,,2025.1.1,60.07268795167799,2025-11-10 11h02.31.435204 +0530,
70,0,70,up,1,0.7771619000122882,None,0,5,1.432605899986811,70,0,70,0,258.1981020000094,,,,,258.179418300002,258.1981020000094,259.1812210000062,259.19478420000814,259.9614658000064,up,1,0.7771619000122882,None,0,259.96286460000556,259.97794540000905,259.97794540000905,261.41218250000384,5,1.432605899986811,,,,,02,001,2025-11-10_11h02.20.670,solo project,,2025.1.1,60.07268795167799,2025-11-10 11h02.31.435204 +0530,
71,0,71,down,1,0.8186653000011574,None,-2,4.02962962962963,2.1632788999995682,71,0,71,0,261.4312355000002,,,,,261.4124579000054,261.4312355000002,262.41489850000653,262.4283439999999,263.2453214999987,down,1,0.8186653000011574,None,-2,263.24873020000814,263.26144309999654,263.26144309999654,265.42811880000227,4.02962962962963,2.1632788999995682,,,,,02,001,2025-11-10_11h02.20.670,solo project,,2025.1.1,60.07268795167799,2025-11-10 11h02.31.435204 +0530,
72,0,72,up,1,0.7099574000021676,None,0,5,1.0833852000068873,72,0,72,0,265.4471252000076,,,,,265.4283407000039,265.4471252000076,266.43058590000146,266.4438846999983,267.1440264999983,up,1,0.7099574000021676,None,0,267.14491070000804,267.16068950000044,267.16068950000044,268.2448904000048,5,1.0833852000068873,,,,,02,001,2025-11-10_11h02.20.670,solo project,,2025.1.1,60.07268795167799,2025-11-10 11h02.31.435204 +0530,
73,0,73,up,1,0.7039294999995036,None,0,5,1.765825099995709,73,0,73,0,268.26389879999624,,,,,268.2451662000094,268.26389879999624,269.2470897000021,269.26022520000697,269.96062290000555,up,1,0.7039294999995036,None,0,269.96197329999995,269.97704969999904,269.97704969999904,271.7443276999984,5,1.765825099995709,,,,,02,001,2025-11-10_11h02.20.670,solo project,,2025.1.1,60.07268795167799,2025-11-10 11h02.31.435204 +0530,
74,0,74,up,1,0.5820409000007203,None,0,5,1.3664187000103993,74,0,74,0,271.7637598000001,,,,,271.7445249000011,271.7637598000001,272.74642850000237,272.7600070000044,273.34371840000676,up,1,0.5820409000007203,None,0,273.34502039999643,273.3598483000096,273.3598483000096,274.72737350000534,5,1.3664187000103993,,,,,02,001,2025-11-10_11h02.20.670,solo project,,2025.1.1,60.07268795167799,2025-11-10 11h02.31.435204 +0530,
75,0,75,up,0,0.598152000005939,None,0,5,2.016668899988872,75,0,75,0,274.74618410000403,,,,,274.72764130000724,274.74618410000403,275.7300380000088,275.7431488000002,276.3430975000083,up,0,0.598152000005939,None,0,276.3439561999985,276.3595282000024,276.3595282000024,278.3770455000049,5,2.016668899988872,,,,,02,001,2025-11-10_11h02.20.670,solo project,,2025.1.1,60.07268795167799,2025-11-10 11h02.31.435204 +0530,
76,0,76,up,1,0.6369514000107301,None,0,5,2.046498199997586,76,0,76,0,278.3961210999987,,,,,278.3772352000087,278.3961210999987,279.37976389999676,279.39343270000245,280.0274605000013,up,1,0.6369514000107301,None,0,280.0309016999963,280.04311070000404,280.04311070000404,282.0936173000082,5,2.046498199997586,,,,,02,001,2025-11-10_11h02.20.670,solo project,,2025.1.1,60.07268795167799,2025-11-10 11h02.31.435204 +0530,
77,0,77,down,1,0.6862235000007786,None,6,5,1.5292313000099966,77,0,77,0,282.1123049000016,,,,,282.09381420000864,282.1123049000016,283.0959218000062,283.10963790000824,283.79368740000064,down,1,0.6862235000007786,None,6,283.79756059999636,283.8092639000097,283.8092639000097,285.34310730001016,5,1.5292313000099966,,,,,02,001,2025-11-10_11h02.20.670,solo project,,2025.1.1,60.07268795167799,2025-11-10 11h02.31.435204 +0530,
78,0,78,down,1,0.45676950000051875,None,8,5,1.22923830000218,78,0,78,0,285.36194010000327,,,,,285.3432819000009,285.36194010000327,286.34544060000917,286.3591255000065,286.8097291000013,down,1,0.45676950000051875,None,8,286.8138448999962,286.8255818000034,286.8255818000034,288.059296899999,5,1.22923830000218,,,,,02,001,2025-11-10_11h02.20.670,solo project,,2025.1.1,60.07268795167799,2025-11-10 11h02.31.435204 +0530,
79,0,79,down,1,0.6243075999955181,None,-5,5.0,1.1799989999999525,79,0,79,0,288.0785487999965,,,,,288.0595142000093,288.0785487999965,289.0619095000002,289.0754813000094,289.6926874000055,down,1,0.6243075999955181,None,-5,289.69599360000575,289.7085267000075,289.7085267000075,290.8930209999962,5.0,1.1799989999999525,,,,,02,001,2025-11-10_11h02.20.670,solo project,,2025.1.1,60.07268795167799,2025-11-10 11h02.31.435204 +0530,
80,0,80,up,1,0.6185948000056669,None,0,4.97037037037037,1.0799892000068212,80,0,80,0,290.91161219999776,,,,,290.893266900006,290.91161219999776,291.8952006000036,291.9086774000025,292.52589830000943,up,1,0.6185948000056669,None,0,292.52927840000484,292.5416208000097,292.5416208000097,293.6256648999988,4.97037037037037,1.0799892000068212,,,,,02,001,2025-11-10_11h02.20.670,solo project,,2025.1.1,60.07268795167799,2025-11-10 11h02.31.435204 +0530,
81,0,81,down,1,0.5742644999991171,None,5,5,0.8974031999969156,81,0,81,0,293.64459880000504,,,,,293.62592340000265,293.64459880000504,294.6280612999981,294.64166130000376,295.20859490000294,down,1,0.5742644999991171,None,5,295.2115774999984,295.2245260000054,295.2245260000054,296.1250266999996,5,0.8974031999969156,,,,,02,001,2025-11-10_11h02.20.670,solo project,,2025.1.1,60.07268795167799,2025-11-10 11h02.31.435204 +0530,
82,0,82,down,1,0.6383551999897463,None,-8,5,1.213577600006829,82,0,82,0,296.1444179999962,,,,,296.12520989999757,296.1444179999962,297.1276491000026,297.14149950000865,297.77534910000395,down,1,0.6383551999897463,None,-8,297.77875169999606,297.79114640000626,297.79114640000626,299.0083111999993,5,1.213577600006829,,,,,02,001,2025-11-10_11h02.20.670,solo project,,2025.1.1,60.07268795167799,2025-11-10 11h02.31.435204 +0530,
83,0,83,down,1,0.615442800000892,None,6,4.648148148148148,1.6630082000046968,83,0,83,0,299.02714160000323,,,,,299.00854130000516,299.02714160000323,300.0111390000093,300.02460289999726,300.6417197999981,down,1,0.615442800000892,None,6,300.64507810000214,300.65759990000515,300.65759990000515,302.32463160000043,4.648148148148148,1.6630082000046968,,,,,02,001,2025-11-10_11h02.20.670,solo project,,2025.1.1,60.07268795167799,2025-11-10 11h02.31.435204 +0530,
84,0,84,up,1,0.9708501999994041,None,0,5,2.365080500007025,84,0,84,0,302.3438413999975,,,,,302.32480630000646,302.3438413999975,303.32691020000493,303.34064450000005,304.3075721000059,up,1,0.9708501999994041,None,0,304.30985659999715,304.32372120000946,304.32372120000946,306.69110830000136,5,2.365080500007025,,,,,02,001,2025-11-10_11h02.20.670,solo project,,2025.1.1,60.07268795167799,2025-11-10 11h02.31.435204 +0530,
85,0,85,down,1,0.513392599998042,None,8,5,1.5455362000066089,85,0,85,0,306.7099373000092,,,,,306.69135670000105,306.7099373000092,307.69334929999604,307.7071683999966,308.20833900000434,down,1,0.513392599998042,None,8,308.2122870000021,308.22341679999954,308.22341679999954,309.77400570000464,5,1.5455362000066089,,,,,02,001,2025-11-10_11h02.20.670,solo project,,2025.1.1,60.07268795167799,2025-11-10 11h02.31.435204 +0530,
86,0,86,down,1,0.5960897000040859,None,3,5,1.5453224999946542,86,0,86,0,309.79337870000745,,,,,309.77419270000246,309.79337870000745,310.7764446000074,310.79008310000063,311.3742721000017,down,1,0.5960897000040859,None,3,311.37869350000983,311.38981970000896,311.38981970000896,312.94047919999866,5,1.5453224999946542,,,,,02,001,2025-11-10_11h02.20.670,solo project,,2025.1.1,60.07268795167799,2025-11-10 11h02.31.435204 +0530,
87,0,87,up,1,0.5386899000004632,None,0,5,1.4964053000003332,87,0,87,0,312.95968379999977,,,,,312.9406641000096,312.95968379999977,313.9428038000042,313.95635900000343,314.49029169999994,up,1,0.5386899000004632,None,0,314.4938179000019,314.506186300001,314.506186300001,316.0069167000038,5,1.4964053000003332,,,,,02,001,2025-11-10_11h02.20.670,solo project,,2025.1.1,60.07268795167799,2025-11-10 11h02.31.435204 +0530,
88,0,88,down,1,1.3785544999991544,None,0,2.0074074074074075,2.491408500005491,88,0,88,0,316.0258198000083,,,,,316.00712219999696,316.0258198000083,317.00928399999975,317.02274159999797,318.3905444999982,down,1,1.3785544999991544,None,0,318.39850670000305,318.40885429999616,318.40885429999616,320.9060273000068,2.0074074074074075,2.491408500005491,,,,,02,001,2025-11-10_11h02.20.670,solo project,,2025.1.1,60.07268795167799,2025-11-10 11h02.31.435204 +0530,
89,0,89,up,1,1.7994873999996344,None,0,5,1.228464800005895,89,0,89,0,320.92533070000354,,,,,320.9062307999993,320.92533070000354,321.90828370000236,321.9221538999991,323.7234596000053,up,1,1.7994873999996344,None,0,323.72767069999827,323.7385382000066,323.7385382000066,324.9725094000023,5,1.228464800005895,,,,,02,001,2025-11-10_11h02.20.670,solo project,,2025.1.1,60.07268795167799,2025-11-10 11h02.31.435204 +0530,
90,0,90,up,1,0.797301399987191,None,0,5,1.3129194999928586,90,0,90,0,324.99188349999895,,,,,324.9727302000101,324.99188349999895,325.97490660000767,325.988457200001,326.78930820000824,up,1,0.797301399987191,None,0,326.79288750000705,326.8049921000056,326.8049921000056,328.1222429000045,5,1.3129194999928586,,,,,02,001,2025-11-10_11h02.20.670,solo project,,2025.1.1,60.07268795167799,2025-11-10 11h02.31.435204 +0530,
91,0,91,up,0,0.5152933000063058,None,0,5,1.7971646999940276,91,0,91,0,328.1411442000099,,,,,328.12250389999826,328.1411442000099,329.12461080000503,329.13819300000614,329.65516619999835,up,0,0.5152933000063058,None,0,329.6581251000025,329.67109270000947,329.67109270000947,331.47228300001007,5,1.7971646999940276,,,,,02,001,2025-11-10_11h02.20.670,solo project,,2025.1.1,60.07268795167799,2025-11-10 11h02.31.435204 +0530,
92,0,92,up,1,0.5600302999955602,None,0,5,1.3802767000015592,92,0,92,0,331.4911720000091,,,,,331.47245870000916,331.4911720000091,332.4742755000043,332.48787530000845,333.0383084000059,up,1,0.5600302999955602,None,0,333.0417071999982,333.0542022000009,333.0542022000009,334.43809870000405,5,1.3802767000015592,,,,,02,001,2025-11-10_11h02.20.670,solo project,,2025.1.1,60.07268795167799,2025-11-10 11h02.31.435204 +0530,
93,0,93,up,1,0.5740383999946062,None,0,4.003703703703704,1.6128524000087054,93,0,93,0,334.4574009000062,,,,,334.43830609999713,334.4574009000062,335.44095709999965,335.4544668000017,336.0215121000074,up,1,0.5740383999946062,None,0,336.02538160000404,336.0374375000101,336.0374375000101,337.65491029999976,4.003703703703704,1.6128524000087054,,,,,02,001,2025-11-10_11h02.20.670,solo project,,2025.1.1,60.07268795167799,2025-11-10 11h02.31.435204 +0530,
94,0,94,up,1,0.545737000007648,None,0,4.003703703703704,1.2281537000089884,94,0,94,0,337.6738868000102,,,,,337.65510180000274,337.6738868000102,338.6569659000088,338.670541200001,339.20550530000764,up,1,0.545737000007648,None,0,339.20959280000534,339.22036659999867,339.22036659999867,340.4546566000063,4.003703703703704,1.2281537000089884,,,,,02,001,2025-11-10_11h02.20.670,solo project,,2025.1.1,60.07268795167799,2025-11-10 11h02.31.435204 +0530,
95,0,95,down,1,0.8324033999961102,None,-9,5,1.0126142000081018,95,0,95,0,340.4736047000042,,,,,340.45488620000833,340.4736047000042,341.4569424000074,341.47052869999607,342.3046832999971,down,1,0.8324033999961102,None,-9,342.30862110000453,342.3201764999976,342.3201764999976,343.33729160000803,5,1.0126142000081018,,,,,02,001,2025-11-10_11h02.20.670,solo project,,2025.1.1,60.07268795167799,2025-11-10 11h02.31.435204 +0530,
96,0,96,up,1,1.4304712000011932,None,0,3.0,2.4969930999941425,96,0,96,0,343.3564960000076,,,,,343.3374652000057,343.3564960000076,344.339839200009,344.35348469999735,345.7871665999992,up,1,1.4304712000011932,None,0,345.79020899999887,345.8031023000076,345.8031023000076,348.30357390000427,3.0,2.4969930999941425,,,,,02,001,2025-11-10_11h02.20.670,solo project,,2025.1.1,60.07268795167799,2025-11-10 11h02.31.435204 +0530,
97,0,97,down,1,0.8062453000020469,None,-5,5,1.2454142000060529,97,0,97,0,348.32262340000307,,,,,348.30383030000667,348.32262340000307,349.3058985000098,349.3194022000098,350.12040980000165,down,1,0.8062453000020469,None,-5,350.1247297000082,350.13581550000526,350.13581550000526,351.3866774000053,5,1.2454142000060529,,,,,02,001,2025-11-10_11h02.20.670,solo project,,2025.1.1,60.07268795167799,2025-11-10 11h02.31.435204 +0530,
98,0,98,down,1,0.5398475999973016,None,5,5,1.780492799996864,98,0,98,0,351.4054415999999,,,,,351.3868788999971,351.4054415999999,352.38869220000925,352.4023601000081,352.93633179999597,down,1,0.5398475999973016,None,5,352.9393792000046,352.952437800006,352.952437800006,354.7359017999988,5,1.780492799996864,,,,,02,001,2025-11-10_11h02.20.670,solo project,,2025.1.1,60.07268795167799,2025-11-10 11h02.31.435204 +0530,
99,0,99,down,1,0.4707252999942284,None,8,5,1.1475227000046289,99,0,99,0,354.75512290000916,,,,,354.73609900000156,354.75512290000916,355.7385481000092,355.7522739999986,356.2196229999972,down,1,0.4707252999942284,None,8,356.22324210000806,356.23529199999757,356.23529199999757,357.3859558999975,5,1.1475227000046289,,,,,02,001,2025-11-10_11h02.20.670,solo project,,2025.1.1,60.07268795167799,2025-11-10 11h02.31.435204 +0530,
100,0,100,up,1,0.655358799995156,None,0,4.007407407407407,2.163068800000474,100,0,100,0,357.4050819999975,,,,,357.3862162000005,357.4050819999975,358.3883474000031,358.40199860000575,359.05274729999655,up,1,0.655358799995156,None,0,359.0561652000033,359.0685492000048,359.0685492000048,361.23546540000825,4.007407407407407,2.163068800000474,,,,,02,001,2025-11-10_11h02.20.670,solo project,,2025.1.1,60.07268795167799,2025-11-10 11h02.31.435204 +0530,
101,0,101,up,1,0.7203905000060331,None,0,5,1.1973107999947388,101,0,101,0,361.2543704999989,,,,,361.23565940000117,361.2543704999989,362.23788040000363,362.251474100005,362.96885720000137,up,1,0.7203905000060331,None,0,362.9718450000073,362.98460379999597,362.98460379999597,364.1853203000064,5,1.1973107999947388,,,,,02,001,2025-11-10_11h02.20.670,solo project,,2025.1.1,60.07268795167799,2025-11-10 11h02.31.435204 +0530,
102,0,102,up,1,0.7789953000028618,None,0,5,1.2631263000075705,102,0,102,0,364.20439759999863,,,,,364.1855335,364.20439759999863,365.1875405000028,365.2013069000095,365.96860800001014,up,1,0.7789953000028618,None,0,365.97210410000116,365.98416750000615,365.98416750000615,367.2516775999975,5,1.2631263000075705,,,,,02,001,2025-11-10_11h02.20.670,solo project,,2025.1.1,60.07268795167799,2025-11-10 11h02.31.435204 +0530,
103,0,103,up,0,0.6276665000041248,None,0,5,1.494163399998797,103,0,103,0,367.2706038000033,,,,,367.2518587000086,367.2706038000033,368.25413230000413,368.26785720000044,368.88622850000684,up,0,0.6276665000041248,None,0,368.89054710000346,368.9027635000093,368.9027635000093,370.40167259999726,5,1.494163399998797,,,,,02,001,2025-11-10_11h02.20.670,solo project,,2025.1.1,60.07268795167799,2025-11-10 11h02.31.435204 +0530,
104,0,104,down,1,0.48646100000769366,None,9,5,1.494629699998768,104,0,104,0,370.42058639999595,,,,,370.4018824000086,370.42058639999595,371.40377610000724,371.41733160000877,371.90142419999756,down,1,0.48646100000769366,None,9,371.9064772999991,371.91690180001024,371.91690180001024,373.41765190000297,5,1.494629699998768,,,,,02,001,2025-11-10_11h02.20.670,solo project,,2025.1.1,60.07268795167799,2025-11-10 11h02.31.435204 +0530,
105,0,105,up,1,0.6252269999968121,None,0,4.011111111111111,2.2136583999963477,105,0,105,0,373.43652210000437,,,,,373.4178763000091,373.43652210000437,374.420074499998,374.43386279999686,375.0506583999959,up,1,0.6252269999968121,None,0,375.05394199999864,375.0667326999974,375.0667326999974,377.28409159999865,4.011111111111111,2.2136583999963477,,,,,02,001,2025-11-10_11h02.20.670,solo project,,2025.1.1,60.07268795167799,2025-11-10 11h02.31.435204 +0530,
106,0,106,down,1,1.041282100006356,None,5,5,1.131037799990736,106,0,106,0,377.302763700005,,,,,377.28432299999986,377.302763700005,378.2863609000051,378.299986500002,379.33357909999904,down,1,1.041282100006356,None,5,379.3365651000058,379.3497814000002,379.3497814000002,380.4838999000058,5,1.131037799990736,,,,,02,001,2025-11-10_11h02.20.670,solo project,,2025.1.1,60.07268795167799,2025-11-10 11h02.31.435204 +0530,
107,0,107,up,1,0.6600673999928404,None,0,3.9925925925925925,3.579005200008396,107,0,107,0,380.5024193999998,,,,,380.4841260999965,380.5024193999998,381.48645310000575,381.49954119999893,382.15068570000585,up,1,0.6600673999928404,None,0,382.1551557000057,382.16609159999643,382.16609159999643,385.7498901000072,3.9925925925925925,3.579005200008396,,,,,02,001,2025-11-10_11h02.20.670,solo project,,2025.1.1,60.07268795167799,2025-11-10 11h02.31.435204 +0530,
108,0,108,down,1,0.8279755000112345,None,9,5,1.1455514999979641,108,0,108,0,385.7685787000082,,,,,385.75012759999663,385.7685787000082,386.75234370000544,386.76578300000983,387.58328269999765,down,1,0.8279755000112345,None,9,387.5875207000063,387.60020440000517,387.60020440000517,388.74960490000376,5,1.1455514999979641,,,,,02,001,2025-11-10_11h02.20.670,solo project,,2025.1.1,60.07268795167799,2025-11-10 11h02.31.435204 +0530,
109,0,109,down,1,0.5729183999937959,None,-6,5,1.4799720000009984,109,0,109,0,388.76846880000085,,,,,388.74985580000794,388.76846880000085,389.7519522000075,389.7655415000045,390.33278589999827,down,1,0.5729183999937959,None,-6,390.3358518000023,390.3486753000034,390.3486753000034,391.83242489999975,5,1.4799720000009984,,,,,02,001,2025-11-10_11h02.20.670,solo project,,2025.1.1,60.07268795167799,2025-11-10 11h02.31.435204 +0530,
110,0,110,down,1,0.5532238999876427,None,-6,5,1.7793092999927467,110,0,110,0,391.8513146000041,,,,,391.8326837000059,391.8513146000041,392.83494329999667,392.84853689999727,393.3996441000054,down,1,0.5532238999876427,None,-6,393.40322350000497,393.4147738000029,393.4147738000029,395.1988090000086,5,1.7793092999927467,,,,,02,001,2025-11-10_11h02.20.670,solo project,,2025.1.1,60.07268795167799,2025-11-10 11h02.31.435204 +0530,
111,0,111,down,1,0.5061085000052117,None,6,5,1.3631212000036612,111,0,111,0,395.21754480000527,,,,,395.19901150000806,395.21754480000527,396.20119340000383,396.21482249999826,396.7156946000032,down,1,0.5061085000052117,None,6,396.71905790000164,396.7329025000072,396.7329025000072,398.09869260000414,5,1.3631212000036612,,,,,02,001,2025-11-10_11h02.20.670,solo project,,2025.1.1,60.07268795167799,2025-11-10 11h02.31.435204 +0530,
112,0,112,up,1,0.7126684999966528,None,0,4.011111111111111,3.179728299990529,112,0,112,0,398.1177086000098,,,,,398.09888430000865,398.1177086000098,399.10098810000636,399.11474859999726,399.81522970000515,up,1,0.7126684999966528,None,0,399.81875140000193,399.8309866000054,399.8309866000054,403.0147549999965,4.011111111111111,3.179728299990529,,,,,02,001,2025-11-10_11h02.20.670,solo project,,2025.1.1,60.07268795167799,2025-11-10 11h02.31.435204 +0530,
113,0,113,up,1,0.728078900006949,None,0,5,1.1960112000087975,113,0,113,0,403.033811900008,,,,,403.0149569000059,403.033811900008,404.01691050000954,404.030808800002,404.7486291999958,up,1,0.728078900006949,None,0,404.75269920000574,404.7639201999991,404.7639201999991,405.9645707000018,5,1.1960112000087975,,,,,02,001,2025-11-10_11h02.20.670,solo project,,2025.1.1,60.07268795167799,2025-11-10 11h02.31.435204 +0530,
114,0,114,up,1,0.5988189000054263,None,0,5,1.7126436999969883,114,0,114,0,405.9834853000066,,,,,405.96481279999716,405.9834853000066,406.9669403000007,406.9805622999993,407.5813254000095,up,1,0.5988189000054263,None,0,407.58519470000465,407.59703220000665,407.59703220000665,409.314177200009,5,1.7126436999969883,,,,,02,001,2025-11-10_11h02.20.670,solo project,,2025.1.1,60.07268795167799,2025-11-10 11h02.31.435204 +0530,
115,0,115,up,0,0.661658199998783,None,1,5,1.2622420999978203,115,0,115,0,409.33288309999625,,,,,409.3143648999976,409.33288309999625,410.31656170000497,410.3301727000071,410.9816476999986,up,0,0.661658199998783,None,1,410.98530310000933,410.9965947000019,410.9965947000019,412.2638799999986,5,1.2622420999978203,,,,,02,001,2025-11-10_11h02.20.670,solo project,,2025.1.1,60.07268795167799,2025-11-10 11h02.31.435204 +0530,
116,0,116,up,1,0.5203249000041978,None,0,4.996296296296296,1.4128723000030732,116,0,116,0,412.28278890000365,,,,,412.2641242999962,412.28278890000365,413.266254400005,413.2798910999991,413.7973695999972,up,1,0.5203249000041978,None,0,413.80073640000774,413.81295659999887,413.81295659999887,415.23012990001007,4.996296296296296,1.4128723000030732,,,,,02,001,2025-11-10_11h02.20.670,solo project,,2025.1.1,60.07268795167799,2025-11-10 11h02.31.435204 +0530,
117,0,117,down,1,0.7479878000012832,None,-4,5,1.6135928000003332,117,0,117,0,415.24961660000554,,,,,415.23032129999774,415.24961660000554,416.2324937000085,416.2462053000054,416.99680680000165,down,1,0.7479878000012832,None,-4,417.0001976000058,417.0126461000036,417.0126461000036,418.63003149999713,5,1.6135928000003332,,,,,02,001,2025-11-10_11h02.20.670,solo project,,2025.1.1,60.07268795167799,2025-11-10 11h02.31.435204 +0530,
118,0,118,up,1,0.6233378000033554,None,0,5,1.3962479000038002,118,0,118,0,418.6488628000079,,,,,418.6302824000013,418.6488628000079,419.6323140000022,419.6458675000031,420.26323830000183,up,1,0.6233378000033554,None,0,420.26665689999936,420.2789121000096,420.2789121000096,421.6796733000083,5,1.3962479000038002,,,,,02,001,2025-11-10_11h02.20.670,solo project,,2025.1.1,60.07268795167799,2025-11-10 11h02.31.435204 +0530,
119,0,119,down,1,0.5550188000052003,None,4,5,2.063611400008085,119,0,119,0,421.6984957000095,,,,,421.67992609999783,421.6984957000095,422.6820214000036,422.69569190000766,423.24621209999896,down,1,0.5550188000052003,None,4,423.24914310000895,423.2619879999984,423.2619879999984,425.3292720000027,5,2.063611400008085,,,,,02,001,2025-11-10_11h02.20.670,solo project,,2025.1.1,60.07268795167799,2025-11-10 11h02.31.435204 +0530,
120,0,120,up,1,0.5419262000068557,None,0,4.014814814814815,1.9305812999955378,120,0,120,0,425.3480161000043,,,,,425.3295078000083,425.3480161000043,426.33153300000413,426.3451012000005,426.87901760000386,up,1,0.5419262000068557,None,0,426.8824997000047,426.89497090000077,426.89497090000077,428.82869340000616,4.014814814814815,1.9305812999955378,,,,,02,001,2025-11-10_11h02.20.670,solo project,,2025.1.1,60.07268795167799,2025-11-10 11h02.31.435204 +0530,
121,0,121,down,1,0.9493755000003148,None,7,5,1.2130684000003384,121,0,121,0,428.84787470000447,,,,,428.8288923000073,428.84787470000447,429.83122130000265,429.8449340000079,430.7957313000079,down,1,0.9493755000003148,None,7,430.79913549999765,430.81134909999673,430.81134909999673,432.02909830000135,5,1.2130684000003384,,,,,02,001,2025-11-10_11h02.20.670,solo project,,2025.1.1,60.07268795167799,2025-11-10 11h02.31.435204 +0530,
122,0,122,down,1,0.5904077000013785,None,-6,5,1.2627589000039734,122,0,122,0,432.04731720000564,,,,,432.02934360000654,432.04731720000564,433.0308603000012,433.04426680000324,433.62859619999654,down,1,0.5904077000013785,None,-6,433.6324122000078,433.644303100009,433.644303100009,434.9116759000026,5,1.2627589000039734,,,,,02,001,2025-11-10_11h02.20.670,solo project,,2025.1.1,60.07268795167799,2025-11-10 11h02.31.435204 +0530,
123,0,123,down,1,0.5295990000013262,None,-5,5,1.4449033999990206,123,0,123,0,434.9305594000034,,,,,434.91190500000084,434.9305594000034,435.91412840000703,435.92763900000136,436.44564060000994,down,1,0.5295990000013262,None,-5,436.4501198000071,436.46075539999583,436.46075539999583,437.9113498000079,5,1.4449033999990206,,,,,02,001,2025-11-10_11h02.20.670,solo project,,2025.1.1,60.07268795167799,2025-11-10 11h02.31.435204 +0530,
124,0,124,down,0,0.8113984000083292,None,0,1,2.811145100000431,124,0,124,0,437.93029590000515,,,,,437.9116568000027,437.93029590000515,438.91401439999754,438.9276252999989,439.72824799999944,down,0,0.8113984000083292,None,0,439.73317200000747,439.7435397000081,439.7435397000081,442.56112450000364,1,2.811145100000431,,,,,02,001,2025-11-10_11h02.20.670,solo project,,2025.1.1,60.07268795167799,2025-11-10 11h02.31.435204 +0530,
125,0,125,up,1,1.008008000004338,None,0,5,1.2299471000005724,125,0,125,0,442.579894399998,,,,,442.5612811000028,442.579894399998,443.5631310000026,443.57663409999805,444.57786810000835,up,1,1.008008000004338,None,0,444.58054670000274,444.59298970000236,444.59298970000236,445.8271153999958,5,1.2299471000005724,,,,,02,001,2025-11-10_11h02.20.670,solo project,,2025.1.1,60.07268795167799,2025-11-10 11h02.31.435204 +0530,
126,0,126,up,1,0.5151708999910625,None,0,5,1.312111699997331,126,0,126,0,445.846183200003,,,,,445.8274541999999,445.846183200003,446.8297382000019,446.8432334000099,447.36083640001016,up,1,0.5151708999910625,None,0,447.3648647000082,447.37641340000846,447.37641340000846,448.69347410000046,5,1.312111699997331,,,,,02,001,2025-11-10_11h02.20.670,solo project,,2025.1.1,60.07268795167799,2025-11-10 11h02.31.435204 +0530,
127,0,127,up,1,0.8048173999995925,None,0,5,1.6625152000051457,127,0,127,0,448.7122620000009,,,,,448.6936993999989,448.7122620000009,449.69609510000737,449.7096128999983,450.5106195999979,up,1,0.8048173999995925,None,0,450.5145402000053,450.5262075000064,450.5262075000064,452.19348519999767,5,1.6625152000051457,,,,,02,001,2025-11-10_11h02.20.670,solo project,,2025.1.1,60.07268795167799,2025-11-10 11h02.31.435204 +0530,
128,0,128,down,1,0.5955877999949735,None,-8,5,1.546163199993316,128,0,128,0,452.21171070000855,,,,,452.1937084000092,452.21171070000855,453.19592589999957,453.20952119999856,453.7937268999958,down,1,0.5955877999949735,None,-8,453.7971743000089,453.8091528000077,453.8091528000077,455.359540400008,5,1.546163199993316,,,,,02,001,2025-11-10_11h02.20.670,solo project,,2025.1.1,60.07268795167799,2025-11-10 11h02.31.435204 +0530,
129,0,129,down,1,0.41563550000137184,None,8,5,1.5457049000106053,129,0,129,0,455.37824459999683,,,,,455.3597523000062,455.37824459999683,456.36170100000163,456.3753965000069,456.7931009000022,down,1,0.41563550000137184,None,8,456.7968981000013,456.8087564000016,456.8087564000016,458.3594211000018,5,1.5457049000106053,,,,,02,001,2025-11-10_11h02.20.670,solo project,,2025.1.1,60.07268795167799,2025-11-10 11h02.31.435204 +0530,
130,0,130,down,1,0.4496727999940049,None,6,5,4.079824299988104,130,0,130,0,458.3781674000056,,,,,458.35961100000713,458.3781674000056,459.3619200000103,459.37517359999765,459.8258457000047,down,1,0.4496727999940049,None,6,459.8292885999981,459.8418593000097,459.8418593000097,463.925484899999,5,4.079824299988104,,,,,02,001,2025-11-10_11h02.20.670,solo project,,2025.1.1,60.07268795167799,2025-11-10 11h02.31.435204 +0530,
131,0,131,down,1,0.49962699999741744,None,4,5,1.5814442000119016,131,0,131,0,463.94496239999717,,,,,463.92568860000756,463.94496239999717,464.92783270000655,464.94145850000496,465.4416995000065,down,1,0.49962699999741744,None,4,465.44399710001017,465.4577377999958,465.4577377999958,467.0416710999998,5,1.5814442000119016,,,,,02,001,2025-11-10_11h02.20.670,solo project,,2025.1.1,60.07268795167799,2025-11-10 11h02.31.435204 +0530,
132,0,132,down,1,0.46795099999872036,None,4,5,1.696558700001333,132,0,132,0,467.0612120000005,,,,,467.04189100000076,467.0612120000005,468.04423240000324,468.0577584999992,468.5253432000027,down,1,0.46795099999872036,None,4,468.52877109999827,468.541017800002,468.541017800002,470.2415095000033,5,1.696558700001333,,,,,02,001,2025-11-10_11h02.20.670,solo project,,2025.1.1,60.07268795167799,2025-11-10 11h02.31.435204 +0530,
133,0,133,down,1,0.5988007999985712,None,-5,5,1.3442482000100426,133,0,133,0,470.260056500003,,,,,470.2417507000064,470.260056500003,471.24388350000663,471.25745859999734,471.85830780000833,down,1,0.5988007999985712,None,-5,471.8638789999968,471.8734403999988,471.8734403999988,473.22436480000033,5,1.3442482000100426,,,,,02,001,2025-11-10_11h02.20.670,solo project,,2025.1.1,60.07268795167799,2025-11-10 11h02.31.435204 +0530,
134,0,134,up,1,0.4881299999979092,None,0,5,1.3302705999958562,134,0,134,0,473.24361900000076,,,,,473.2245683000074,473.24361900000076,474.22672940000484,474.24044760000834,474.72449290000077,up,1,0.4881299999979092,None,0,474.7275302000053,474.74021540000103,474.74021540000103,476.07418110000435,5,1.3302705999958562,,,,,02,001,2025-11-10_11h02.20.670,solo project,,2025.1.1,60.07268795167799,2025-11-10 11h02.31.435204 +0530,
135,0,135,up,1,0.44003289999091066,None,0,5,1.6639031999948202,135,0,135,0,476.09326360000705,,,,,476.0745728000038,476.09326360000705,477.07654940000793,477.0902253000095,477.52405700000236,up,1,0.44003289999091066,None,0,477.5270454999991,477.5399324000027,477.5399324000027,479.2069841000048,5,1.6639031999948202,,,,,02,001,2025-11-10_11h02.20.670,solo project,,2025.1.1,60.07268795167799,2025-11-10 11h02.31.435204 +0530,
136,0,136,up,1,0.6171872999984771,None,0,5,1.3777077000122517,136,0,136,0,479.2261945000064,,,,,479.2071555000002,479.2261945000064,480.2094789999974,480.2230833000067,480.84119560000545,up,1,0.6171872999984771,None,0,480.8463313999964,480.8567829000094,480.8567829000094,482.24033380000037,5,1.3777077000122517,,,,,02,001,2025-11-10_11h02.20.670,solo project,,2025.1.1,60.07268795167799,2025-11-10 11h02.31.435204 +0530,
137,0,137,down,1,0.5103094999940367,None,-9,5,1.4958675999951083,137,0,137,0,482.2590651000064,,,,,482.240526900001,482.2590651000064,483.24262109999836,483.2563717000012,483.757271399998,down,1,0.5103094999940367,None,-9,483.76147610000044,483.77274290000787,483.77274290000787,485.27312070000335,5,1.4958675999951083,,,,,02,001,2025-11-10_11h02.20.670,solo project,,2025.1.1,60.07268795167799,2025-11-10 11h02.31.435204 +0530,
138,0,138,up,1,1.3354385999991791,None,0,5,1.9301983999903314,138,0,138,0,485.2920127999969,,,,,485.27331689999846,485.2920127999969,486.27569460000086,486.2894107000029,487.6234022999997,up,1,1.3354385999991791,None,0,487.62677620000613,487.6391461000021,487.6391461000021,489.57287489999726,5,1.9301983999903314,,,,,02,001,2025-11-10_11h02.20.670,solo project,,2025.1.1,60.07268795167799,2025-11-10 11h02.31.435204 +0530,
139,0,139,up,1,0.7173903999937465,None,0,5,1.5800634999905014,139,0,139,0,489.5913911000098,,,,,489.5731261000037,489.5913911000098,490.5754466000071,490.5891405000002,491.3062151000049,up,1,0.7173903999937465,None,0,491.309520099996,491.32208890000766,491.32208890000766,492.9057982000086,5,1.5800634999905014,,,,,02,001,2025-11-10_11h02.20.670,solo project,,2025.1.1,60.07268795167799,2025-11-10 11h02.31.435204 +0530,
140,0,140,up,1,0.7206043000041973,None,0,5.0,1.4475136999972165,140,0,140,0,492.92474040000525,,,,,492.90602940000826,492.92474040000525,493.90847829999984,493.92199970000365,494.6392366000073,up,1,0.7206043000041973,None,0,494.64266480000515,494.6549976999959,494.6549976999959,496.10545410000486,5.0,1.4475136999972165,,,,,02,001,2025-11-10_11h02.20.670,solo project,,2025.1.1,60.07268795167799,2025-11-10 11h02.31.435204 +0530,
141,0,141,up,1,0.6648104999912903,None,0,5,1.4951050000090618,141,0,141,0,496.1246897000092,,,,,496.10568059999787,496.1246897000092,497.1079991000006,497.12149520000094,497.78933010000037,up,1,0.6648104999912903,None,0,497.79354300000705,497.80462730000727,497.80462730000727,499.30515939999896,5,1.4951050000090618,,,,,02,001,2025-11-10_11h02.20.670,solo project,,2025.1.1,60.07268795167799,2025-11-10 11h02.31.435204 +0530,
142,0,142,up,1,0.6446052999963285,None,0,5,1.5976639000000432,142,0,142,0,499.3243470000016,,,,,499.3053559999971,499.3243470000016,500.30766920000315,500.3214547000098,500.95489530000486,up,1,0.6446052999963285,None,0,500.95845330000157,500.9710225000017,500.9710225000017,502.5716706000094,5,1.5976639000000432,,,,,02,001,2025-11-10_11h02.20.670,solo project,,2025.1.1,60.07268795167799,2025-11-10 11h02.31.435204 +0530,
143,0,143,down,1,0.5084275999979582,None,6,5,1.3795111999934306,143,0,143,0,502.59008160000667,,,,,502.5719061999989,502.59008160000667,503.57409530000587,503.58755490000476,504.0887938000087,down,1,0.5084275999979582,None,6,504.09242120001,504.1040553000057,504.1040553000057,505.48798940000415,5,1.3795111999934306,,,,,02,001,2025-11-10_11h02.20.670,solo project,,2025.1.1,60.07268795167799,2025-11-10 11h02.31.435204 +0530,
144,0,144,up,0,0.8448858000047039,None,-2,2.996296296296296,2.6293257999932393,144,0,144,0,505.50676560000284,,,,,505.48819319999893,505.50676560000284,506.4902954999998,506.50405840000894,507.3378845999978,up,0,0.8448858000047039,None,-2,507.3418868000008,507.353738100006,507.353738100006,509.9873115000082,2.996296296296296,2.6293257999932393,,,,,02,001,2025-11-10_11h02.20.670,solo project,,2025.1.1,60.07268795167799,2025-11-10 11h02.31.435204 +0530,
145,0,145,up,1,0.6862258999899495,None,0,5,4.18020269999397,145,0,145,0,510.0064169999969,,,,,509.98751960000664,510.0064169999969,510.99003220000304,511.00371269999596,511.68738750000193,up,1,0.6862258999899495,None,0,511.6903658000083,511.70327050000196,511.70327050000196,515.8870579000068,5,4.18020269999397,,,,,02,001,2025-11-10_11h02.20.670,solo project,,2025.1.1,60.07268795167799,2025-11-10 11h02.31.435204 +0530,
146,0,146,up,1,1.0926201000111178,None,0,5,1.546136300006765,146,0,146,0,515.9062386000005,,,,,515.887309800004,515.9062386000005,516.8891417999985,516.9029508000094,517.9869184999989,up,1,1.0926201000111178,None,0,517.9907893000054,518.0026683000033,518.0026683000033,519.5531478000048,5,1.546136300006765,,,,,02,001,2025-11-10_11h02.20.670,solo project,,2025.1.1,60.07268795167799,2025-11-10 11h02.31.435204 +0530,
147,0,147,up,0,0.6093326999980491,None,-1,5,1.5632325000042329,147,0,147,0,519.5721144999989,,,,,519.5533683999965,519.5721144999989,520.5556034000037,520.5692230999994,521.1696107000025,up,0,0.6093326999980491,None,-1,521.1731297000078,521.1856877999962,521.1856877999962,522.7529254999972,5,1.5632325000042329,,,,,02,001,2025-11-10_11h02.20.670,solo project,,2025.1.1,60.07268795167799,2025-11-10 11h02.31.435204 +0530,
148,0,148,down,1,0.5182465999969281,None,-8,5,1.3464984000020195,148,0,148,0,522.7722090000025,,,,,522.7531100000051,522.7722090000025,523.7555868000054,523.7688602999988,524.2864063000015,down,1,0.5182465999969281,None,-8,524.2898229999992,524.3022160999972,524.3022160999972,525.6527043000096,5,1.3464984000020195,,,,,02,001,2025-11-10_11h02.20.670,solo project,,2025.1.1,60.07268795167799,2025-11-10 11h02.31.435204 +0530,
149,0,149,down,1,0.4396497000125237,None,-10,5,1.5639012000028742,149,0,149,0,525.6713549999986,,,,,525.6529459000012,525.6713549999986,526.6548633000057,526.6684597999993,527.102615900003,down,1,0.4396497000125237,None,-10,527.1056090000056,527.1181787999958,527.1181787999958,528.6855496000062,5,1.5639012000028742,,,,,02,001,2025-11-10_11h02.20.670,solo project,,2025.1.1,60.07268795167799,2025-11-10 11h02.31.435204 +0530,
,,,,,,,,,,,,,,,,,,,,,,,,,,,,,,,,,,,528.6856531000085,528.7016139000043,533.7014484999963,533.685701800001,02,001,2025-11-10_11h02.20.670,solo project,,2025.1.1,60.07268795167799,2025-11-10 11h02.31.435204 +0530,
