imagefile,thisN,thisTrialN,thisRepN,key_resp.keys,key_resp.corr,key_resp.rt,key_resp.duration,tilt,slider.response,slider.rt,trials.thisRepN,trials.thisTrialN,trials.thisN,trials.thisIndex,thisRow.t,notes,Instructions.started,text.started,key_resp_2.started,Instructions.stopped,key_resp_2.keys,key_resp_2.rt,key_resp_2.duration,trial.started,Fixation.started,image.started,Fixation.stopped,image.stopped,key_resp.started,trial.stopped,trials.key_resp.keys,trials.key_resp.corr,trials.key_resp.rt,trials.key_resp.duration,trials.tilt,rating.started,slider.started,text_2.started,rating.stopped,trials.slider.response,trials.slider.rt,Thankyou.started,text_3.started,text_3.stopped,Thankyou.stopped,participant,session,date,expName,expVersion,psychopyVersion,frameRate,expStart,
,,,,,,,,,,,,,,,,,0.0031256999354809523,0.008813199936412275,1.010748100001365,1.8601815999718383,space,0.8192590000107884,None,,,,,,,,,,,,,,,,,,,,,,,emo04,001,2025-11-17_16h44.52.779,solo project_version2,,2025.1.1,59.721102441479964,2025-11-17 16h45.10.999511 +0530,
D:\sadimage7.jpeg,0,0,0,down,1,1.6483779000118375,None,5,2.985185185185185,2.9452016999712214,0,0,0,13,1.9179691999452189,,,,,,,,,1.9075480999890715,1.9179691999452189,2.8705384999047965,2.926987599930726,3.376344899996184,3.4600356000009924,5.1108490999322385,down,1,1.6483779000118375,None,5,5.11508109990973,5.136137899942696,5.136137899942696,8.076479599927552,2.985185185185185,2.9452016999712214,,,,,emo04,001,2025-11-17_16h44.52.779,solo project_version2,,2025.1.1,59.721102441479964,2025-11-17 16h45.10.999511 +0530,
D:\sadimage5.jpeg,1,1,0,down,1,1.588873800006695,None,1,1.9962962962962962,5.447278099949472,0,1,1,11,8.095833999919705,,,,,,,,,8.078929499955848,8.095833999919705,9.079421199974604,9.093216300010681,9.592613199958578,9.676154799992219,11.276051199994981,down,1,1.588873800006695,None,1,11.279261199990287,11.291826999979094,11.291826999979094,16.742537099984474,1.9962962962962962,5.447278099949472,,,,,emo04,001,2025-11-17_16h44.52.779,solo project_version2,,2025.1.1,59.721102441479964,2025-11-17 16h45.10.999511 +0530,
D:\happyimage2.jpeg,2,2,0,up,0,2.0284598000580445,None,-1,5,3.0642603000160307,0,2,2,1,16.761683499906212,,,,,,,,,16.746175799984485,16.761683499906212,17.745242599979974,17.75852249993477,18.25815619993955,18.35838489991147,20.39213860000018,up,0,2.0284598000580445,None,-1,20.39518439990934,20.40817289997358,20.40817289997358,23.47547049995046,5,3.0642603000160307,,,,,emo04,001,2025-11-17_16h44.52.779,solo project_version2,,2025.1.1,59.721102441479964,2025-11-17 16h45.10.999511 +0530,
D:\happyimage1.jpeg,3,3,0,up,1,0.9428436999442056,None,0,5,2.378282600082457,0,3,3,0,23.494237300008535,,,,,,,,,23.477949799969792,23.494237300008535,24.47777999995742,24.49134939990472,24.990786699927412,25.091095299925655,26.04253739991691,up,1,0.9428436999442056,None,0,26.046606899937615,26.05723609996494,26.05723609996494,28.441048400010914,5,2.378282600082457,,,,,emo04,001,2025-11-17_16h44.52.779,solo project_version2,,2025.1.1,59.721102441479964,2025-11-17 16h45.10.999511 +0530,
D:\sadimage1.jpeg,4,4,0,down,1,1.9676969000138342,None,-9,2.0037037037037035,2.1109962000045925,0,4,4,7,28.460872099967673,,,,,,,,,28.444455899996683,28.460872099967673,29.44404139998369,29.457603699993342,29.956986199948005,30.040610699914396,32.02521140000317,down,1,1.9676969000138342,None,-9,32.03005099995062,32.04034139995929,32.04034139995929,34.157685599988326,2.0037037037037035,2.1109962000045925,,,,,emo04,001,2025-11-17_16h44.52.779,solo project_version2,,2025.1.1,59.721102441479964,2025-11-17 16h45.10.999511 +0530,
D:\happyimage3.jpeg,5,5,0,down,1,0.6982957000145689,None,3,5,3.6779524000594392,0,5,5,2,34.17682229995262,,,,,,,,,34.16018419992179,34.17682229995262,35.16004649992101,35.17364029993769,35.6731773999054,35.77337549999356,36.474517199909315,down,1,0.6982957000145689,None,3,36.47917679999955,36.48962389992084,36.48962389992084,40.17336879996583,5,3.6779524000594392,,,,,emo04,001,2025-11-17_16h44.52.779,solo project_version2,,2025.1.1,59.721102441479964,2025-11-17 16h45.10.999511 +0530,
D:\happyimage7.jpeg,6,6,0,up,1,0.8652792000211775,None,0,5,2.2628181000472978,0,6,6,6,40.192546600010246,,,,,,,,,40.175975999911316,40.192546600010246,41.176142799900845,41.1899133999832,41.68907630001195,41.789357999921776,42.65701640001498,up,1,0.8652792000211775,None,0,42.66085419990122,42.67262739990838,42.67262739990838,44.93965459999163,5,2.2628181000472978,,,,,emo04,001,2025-11-17_16h44.52.779,solo project_version2,,2025.1.1,59.721102441479964,2025-11-17 16h45.10.999511 +0530,
D:\happyimage5.jpeg,7,7,0,down,1,0.6314038001000881,None,-8,5,0.7957269999897107,0,7,7,4,44.95890889992006,,,,,,,,,44.941991699975915,44.95890889992006,45.94242789992131,45.95601309998892,46.455440099933185,46.55578179995064,47.19005019997712,down,1,0.6314038001000881,None,-8,47.194269399973564,47.20568069990259,47.20568069990259,48.00601989997085,5,0.7957269999897107,,,,,emo04,001,2025-11-17_16h44.52.779,solo project_version2,,2025.1.1,59.721102441479964,2025-11-17 16h45.10.999511 +0530,
D:\happyimage6.jpeg,8,8,0,down,1,0.5450164000503719,None,-9,3.977777777777778,3.362363599939272,0,8,8,5,48.02546569996048,,,,,,,,,48.00898629997391,48.02546569996048,49.008737699943595,49.022562099969946,49.52192590001505,49.60532430000603,50.15617969993036,down,1,0.5450164000503719,None,-9,50.160183299914934,50.17182639997918,50.17182639997918,53.53883989993483,3.977777777777778,3.362363599939272,,,,,emo04,001,2025-11-17_16h44.52.779,solo project_version2,,2025.1.1,59.721102441479964,2025-11-17 16h45.10.999511 +0530,
D:\sadimage3.jpeg,9,9,0,down,1,0.5927321000490338,None,4,2.0037037037037035,2.896376400021836,0,9,9,9,53.55809379997663,,,,,,,,,53.54121589998249,53.55809379997663,54.5415340999607,54.555254700011574,55.05464959994424,55.13812769996002,55.73877529997844,down,1,0.5927321000490338,None,4,55.742111500003375,55.754582899971865,55.754582899971865,58.654968199902214,2.0037037037037035,2.896376400021836,,,,,emo04,001,2025-11-17_16h44.52.779,solo project_version2,,2025.1.1,59.721102441479964,2025-11-17 16h45.10.999511 +0530,
D:\happyimage4.jpeg,10,10,0,down,1,0.5334603000665084,None,7,5,2.662468900089152,0,10,10,3,58.674422599957325,,,,,,,,,58.66763949999586,58.674422599957325,59.65755779994652,59.671309700002894,60.170675099943765,60.25424609996844,60.78883879992645,down,1,0.5334603000665084,None,7,60.79222770000342,60.8042116999859,60.8042116999859,63.47104059997946,5,2.662468900089152,,,,,emo04,001,2025-11-17_16h44.52.779,solo project_version2,,2025.1.1,59.721102441479964,2025-11-17 16h45.10.999511 +0530,
D:\sadimage4.jpg,11,11,0,up,1,0.9847641999367625,None,0,2.9814814814814814,2.4965870999731123,0,11,11,10,63.74440470000263,,,,,,,,,63.726810499909334,63.74440470000263,64.47544859990012,64.75550580001436,64.98681519995444,65.0701362999389,66.07106919994112,up,1,0.9847641999367625,None,0,66.07454429997597,66.08698319992982,66.08698319992982,68.58743029995821,2.9814814814814814,2.4965870999731123,,,,,emo04,001,2025-11-17_16h44.52.779,solo project_version2,,2025.1.1,59.721102441479964,2025-11-17 16h45.10.999511 +0530,
D:\sadimage6.jpeg,12,12,0,down,1,1.0390043000224978,None,-7,3.0,1.9613930999767035,0,12,12,12,68.75695459998678,,,,,,,,,68.74980559991673,68.75695459998678,69.59012599999551,69.75368409999646,70.10305189993232,70.20324780000374,71.2544083999237,down,1,1.0390043000224978,None,-7,71.25911179999821,71.27006709994748,71.27006709994748,73.23692329996265,3.0,1.9613930999767035,,,,,emo04,001,2025-11-17_16h44.52.779,solo project_version2,,2025.1.1,59.721102441479964,2025-11-17 16h45.10.999511 +0530,
D:\sadimage2.jpeg,13,13,0,down,1,1.6958663000259548,None,-2,1,2.2118529999861494,0,13,13,8,73.25629649998154,,,,,,,,,73.23941089992877,73.25629649998154,74.23959569993895,74.25316600000951,74.7525900999317,74.8360735999886,76.53705819998868,down,1,1.6958663000259548,None,-2,76.54161680000834,76.55293779994827,76.55293779994827,78.76978899992537,1,2.2118529999861494,,,,,emo04,001,2025-11-17_16h44.52.779,solo project_version2,,2025.1.1,59.721102441479964,2025-11-17 16h45.10.999511 +0530,
D:\happyimage1.jpeg,14,0,1,up,1,1.8233715000096709,None,0,5,1.8272747000446543,1,0,14,0,78.78893299994525,,,,,,,,,78.77225539996289,78.78893299994525,79.77248869999312,79.78600500000175,80.28536699991673,80.38559169997461,82.22028479992878,up,1,1.8233715000096709,None,0,82.22540719993412,82.23694530001376,82.23694530001376,84.06891489995178,5,1.8272747000446543,,,,,emo04,001,2025-11-17_16h44.52.779,solo project_version2,,2025.1.1,59.721102441479964,2025-11-17 16h45.10.999511 +0530,
D:\happyimage5.jpeg,15,1,1,down,0,2.1774987000972033,None,0,3.025925925925926,2.026662899996154,1,1,15,4,84.08803849993274,,,,,,,,,84.07146939996164,84.08803849993274,85.07193999993615,85.08569179999176,85.58509389997926,85.66840620001312,87.85296359995846,down,0,2.1774987000972033,None,0,87.85881369991694,87.87133579992224,87.87133579992224,89.90193349996116,3.025925925925926,2.026662899996154,,,,,emo04,001,2025-11-17_16h44.52.779,solo project_version2,,2025.1.1,59.721102441479964,2025-11-17 16h45.10.999511 +0530,
D:\sadimage5.jpeg,16,2,1,down,1,2.2115761999739334,None,-9,4.022222222222222,3.461382200010121,1,2,16,11,89.92125709995162,,,,,,,,,89.90428819996305,89.92125709995162,90.90465989999939,90.91811139998026,91.41760669997893,91.50107519992162,93.71908009995241,down,1,2.2115761999739334,None,-9,93.72380389994942,93.73581629991531,93.73581629991531,97.2015975000104,4.022222222222222,3.461382200010121,,,,,emo04,001,2025-11-17_16h44.52.779,solo project_version2,,2025.1.1,59.721102441479964,2025-11-17 16h45.10.999511 +0530,
D:\sadimage3.jpeg,17,3,1,up,1,0.7825245999265462,None,0,2.948148148148148,2.281200999976136,1,3,17,9,97.22863109991886,,,,,,,,,97.20496989996172,97.22863109991886,98.20368419995066,98.23385319998488,98.71653789991979,98.81676700001117,99.6007668999955,up,1,0.7825245999265462,None,0,99.60343459993601,99.616439800011,99.616439800011,101.9007941999007,2.948148148148148,2.281200999976136,,,,,emo04,001,2025-11-17_16h44.52.779,solo project_version2,,2025.1.1,59.721102441479964,2025-11-17 16h45.10.999511 +0530,
D:\sadimage7.jpeg,18,4,1,up,0,1.7106384999351576,None,2,1,1.6301102000288665,1,4,18,13,101.91954809997696,,,,,,,,,101.90442789997905,101.91954809997696,102.90318139991723,102.91670009994414,103.41627299995162,103.51650929998141,105.23390029999427,up,0,1.7106384999351576,None,2,105.23697739990894,105.24971429992002,105.24971429992002,106.88360039994586,1,1.6301102000288665,,,,,emo04,001,2025-11-17_16h44.52.779,solo project_version2,,2025.1.1,59.721102441479964,2025-11-17 16h45.10.999511 +0530,
D:\sadimage6.jpeg,19,5,1,up,0,3.2678245999850333,None,0,3.0,4.010633300058544,1,5,19,12,106.90314869990107,,,,,,,,,106.88609269994777,106.90314869990107,107.88629119994584,107.90005870000459,108.39933039993048,108.48280959995463,111.76763669995125,up,0,3.2678245999850333,None,0,111.77255699993111,111.78360019996762,111.78360019996762,115.79919409996364,3.0,4.010633300058544,,,,,emo04,001,2025-11-17_16h44.52.779,solo project_version2,,2025.1.1,59.721102441479964,2025-11-17 16h45.10.999511 +0530,
D:\sadimage2.jpeg,20,6,1,down,1,0.7388971000909805,None,-8,2.0074074074074075,9.945727899903432,1,6,20,8,115.81865609996021,,,,,,,,,115.80157339992002,115.81865609996021,116.80201189999934,116.81564669997897,117.31471229996532,117.39855449995957,118.14910249994136,down,1,0.7388971000909805,None,-8,118.15280619997066,118.16516639990732,118.16516639990732,128.11484529997688,2.0074074074074075,9.945727899903432,,,,,emo04,001,2025-11-17_16h44.52.779,solo project_version2,,2025.1.1,59.721102441479964,2025-11-17 16h45.10.999511 +0530,
D:\happyimage2.jpeg,21,7,1,up,0,0.6956481999950483,None,-1,4.574074074074074,1.4684630000265315,1,7,21,1,128.133909999975,,,,,,,,,128.11810670001432,128.133909999975,129.11722979997285,129.13102299999446,129.63063019991387,129.73067139997147,130.43143899994902,up,0,0.6956481999950483,None,-1,130.43439049995504,130.44711019995157,130.44711019995157,131.91436369996518,4.574074074074074,1.4684630000265315,,,,,emo04,001,2025-11-17_16h44.52.779,solo project_version2,,2025.1.1,59.721102441479964,2025-11-17 16h45.10.999511 +0530,
D:\sadimage4.jpg,22,8,1,up,1,1.5890894000185654,None,0,2.988888888888889,1.9800019999966025,1,8,22,10,132.24145729991142,,,,,,,,,132.2238548999885,132.24145729991142,132.9185386999743,133.24884849996306,133.43006829998922,133.51365739991888,135.11462000000756,up,1,1.5890894000185654,None,0,135.11839839990716,135.13008149992675,135.13008149992675,137.11383119993843,2.988888888888889,1.9800019999966025,,,,,emo04,001,2025-11-17_16h44.52.779,solo project_version2,,2025.1.1,59.721102441479964,2025-11-17 16h45.10.999511 +0530,
D:\happyimage7.jpeg,23,9,1,up,0,1.6286857000086457,None,-2,5,1.8449266999959946,1,9,23,6,137.15216449997388,,,,,,,,,137.1265885999892,137.15216449997388,138.11680959991645,138.1636836999096,138.6295017999364,138.713184799999,140.34786899993196,up,0,1.6286857000086457,None,-2,140.3525123000145,140.36398319993168,140.36398319993168,142.21366379992105,5,1.8449266999959946,,,,,emo04,001,2025-11-17_16h44.52.779,solo project_version2,,2025.1.1,59.721102441479964,2025-11-17 16h45.10.999511 +0530,
D:\sadimage1.jpeg,24,10,1,up,1,0.955130200018175,None,0,3.0296296296296297,2.5661262000212446,1,10,24,7,142.2329012999544,,,,,,,,,142.21634439995978,142.2329012999544,143.2156863999553,143.22960889991373,143.72868149995338,143.8290501999436,144.79572609998286,up,1,0.955130200018175,None,0,144.79748720000498,144.81239300000016,144.81239300000016,147.38006009999663,3.0296296296296297,2.5661262000212446,,,,,emo04,001,2025-11-17_16h44.52.779,solo project_version2,,2025.1.1,59.721102441479964,2025-11-17 16h45.10.999511 +0530,
D:\happyimage4.jpeg,25,11,1,down,1,0.6326468999031931,None,-4,5,1.3658228000858799,1,11,25,3,147.39900209999178,,,,,,,,,147.39182979997713,147.39900209999178,148.38194889994338,148.39577850000933,148.89469609991647,148.99557839997578,149.62879439990502,down,1,0.6326468999031931,None,-4,149.6304642999312,149.64477539993823,149.64477539993823,151.01231989997905,5,1.3658228000858799,,,,,emo04,001,2025-11-17_16h44.52.779,solo project_version2,,2025.1.1,59.721102441479964,2025-11-17 16h45.10.999511 +0530,
D:\happyimage6.jpeg,26,12,1,down,1,0.667947500012815,None,9,5,0.8624038000125438,1,12,26,5,151.0323914999608,,,,,,,,,151.014902099967,151.0323914999608,152.0151486999821,152.02879729995038,152.52818139991723,152.6117144000018,153.29568420001306,down,1,0.667947500012815,None,9,153.30008650000673,153.31151859997772,153.31151859997772,154.1789130999241,5,0.8624038000125438,,,,,emo04,001,2025-11-17_16h44.52.779,solo project_version2,,2025.1.1,59.721102441479964,2025-11-17 16h45.10.999511 +0530,
D:\happyimage3.jpeg,27,13,1,down,1,0.5808345000259578,None,-8,5,0.7633890000870451,1,13,27,2,154.1979462999152,,,,,,,,,154.18148909998126,154.1979462999152,155.1815069000004,155.1950927999569,155.69453489989974,155.79486669995822,156.3789408999728,down,1,0.5808345000259578,None,-8,156.38281599991024,156.39471329993103,156.39471329993103,157.16169159999117,5,0.7633890000870451,,,,,emo04,001,2025-11-17_16h44.52.779,solo project_version2,,2025.1.1,59.721102441479964,2025-11-17 16h45.10.999511 +0530,
D:\happyimage3.jpeg,28,0,2,down,1,0.36731669993605465,None,5,5,0.9130538000026718,2,0,28,2,157.1809202999575,,,,,,,,,157.1637907999102,157.1809202999575,158.16443629993591,158.1781597000081,158.67776240000967,158.76118959998712,159.14515989995562,down,1,0.36731669993605465,None,5,159.14882639993448,159.1610640999861,159.1610640999861,160.0787906999467,5,0.9130538000026718,,,,,emo04,001,2025-11-17_16h44.52.779,solo project_version2,,2025.1.1,59.721102441479964,2025-11-17 16h45.10.999511 +0530,
D:\happyimage2.jpeg,29,1,2,down,1,0.4352645999751985,None,9,5,0.8622082000365481,2,1,29,1,160.09774150000885,,,,,,,,,160.08113179996144,160.09774150000885,161.08125329995528,161.09447849995922,161.59419360000174,161.69438269990496,162.14534639997873,down,1,0.4352645999751985,None,9,162.1494418999646,162.1608423999278,162.1608423999278,163.02786209993064,5,0.8622082000365481,,,,,emo04,001,2025-11-17_16h44.52.779,solo project_version2,,2025.1.1,59.721102441479964,2025-11-17 16h45.10.999511 +0530,
D:\sadimage1.jpeg,30,2,2,up,1,0.537318899994716,None,0,2.988888888888889,2.1455585999647155,2,2,30,7,163.04740309994668,,,,,,,,,163.03061459993478,163.04740309994668,164.03071889991406,164.04441129998304,164.54367019992787,164.6440093999263,165.19488159997854,up,1,0.537318899994716,None,0,165.19873409997672,165.21038039994892,165.21038039994892,167.3608864999842,2.988888888888889,2.1455585999647155,,,,,emo04,001,2025-11-17_16h44.52.779,solo project_version2,,2025.1.1,59.721102441479964,2025-11-17 16h45.10.999511 +0530,
D:\happyimage1.jpeg,31,3,2,down,1,0.6066335999639705,None,4,4.011111111111111,2.7793070999905467,2,3,31,0,167.3803087999113,,,,,,,,,167.36319139995612,167.3803087999113,168.36343609995674,168.37687139993068,168.87655719998293,168.97678769996855,169.59424159990158,down,1,0.6066335999639705,None,4,169.5978450999828,169.6101348999655,169.6101348999655,172.39375359995756,4.011111111111111,2.7793070999905467,,,,,emo04,001,2025-11-17_16h44.52.779,solo project_version2,,2025.1.1,59.721102441479964,2025-11-17 16h45.10.999511 +0530,
D:\sadimage5.jpeg,32,4,2,up,1,0.8631305999588221,None,0,2.988888888888889,3.1302624999079853,2,4,32,11,172.41327469993848,,,,,,,,,172.39667649997864,172.41327469993848,173.3968181000091,173.41054259997327,173.90974429994822,174.00978520000353,174.87762929999735,up,1,0.8631305999588221,None,0,174.88110649993178,174.89309079991654,174.89309079991654,178.0262733999407,2.988888888888889,3.1302624999079853,,,,,emo04,001,2025-11-17_16h44.52.779,solo project_version2,,2025.1.1,59.721102441479964,2025-11-17 16h45.10.999511 +0530,
D:\happyimage5.jpeg,33,5,2,down,1,5.1362115000374615,None,6,5,2.7098605000646785,2,5,33,4,178.04536059999373,,,,,,,,,178.0285335999215,178.04536059999373,179.02940659993328,179.04268529999536,179.54218459990807,179.62572050001472,184.77689179999288,down,1,5.1362115000374615,None,6,184.7823280999437,184.79616509994958,184.79616509994958,187.50900399999227,5,2.7098605000646785,,,,,emo04,001,2025-11-17_16h44.52.779,solo project_version2,,2025.1.1,59.721102441479964,2025-11-17 16h45.10.999511 +0530,
D:\happyimage7.jpeg,34,6,2,down,1,0.7513786000199616,None,6,5,1.8632022999227047,2,6,34,6,187.5283203999279,,,,,,,,,187.51146810001228,187.5283203999279,188.51164359995164,188.5254216999747,189.02480619994458,189.12483559991233,189.8921480999561,down,1,0.7513786000199616,None,6,189.89557089994196,189.90816089999862,189.90816089999862,191.7751508000074,5,1.8632022999227047,,,,,emo04,001,2025-11-17_16h44.52.779,solo project_version2,,2025.1.1,59.721102441479964,2025-11-17 16h45.10.999511 +0530,
D:\sadimage4.jpg,35,7,2,up,0,0.8060075000394136,None,1,1.9851851851851852,2.285182800027542,2,7,35,10,192.116346099996,,,,,,,,,192.1000861999346,192.116346099996,192.77928319992498,193.12613069999497,193.29080949991476,193.3910232000053,194.20819179993123,up,0,0.8060075000394136,None,1,194.21129359991755,194.2241478000069,194.2241478000069,196.50827310001478,1.9851851851851852,2.285182800027542,,,,,emo04,001,2025-11-17_16h44.52.779,solo project_version2,,2025.1.1,59.721102441479964,2025-11-17 16h45.10.999511 +0530,
D:\sadimage7.jpeg,36,8,2,up,1,0.9799370000837371,None,0,3.033333333333333,2.8809075000463054,2,8,36,13,196.5532103999285,,,,,,,,,196.52521469991188,196.5532103999285,197.5163951999275,197.55729579995386,198.02359210001305,198.12340059992857,199.10713739995845,up,1,0.9799370000837371,None,0,199.10977999994066,199.12323019991163,199.12323019991163,202.0075653999811,3.033333333333333,2.8809075000463054,,,,,emo04,001,2025-11-17_16h44.52.779,solo project_version2,,2025.1.1,59.721102441479964,2025-11-17 16h45.10.999511 +0530,
D:\sadimage2.jpeg,37,9,2,up,0,0.9003499000100419,None,2,3.0148148148148146,2.5312969000078738,2,9,37,8,202.02649550000206,,,,,,,,,202.0105466999812,202.02649550000206,203.01029409992043,203.02326279995032,203.5230025999481,203.62340799998492,204.5404215999879,up,0,0.9003499000100419,None,2,204.54346650000662,204.55654259992298,204.55654259992298,207.09025659994222,3.0148148148148146,2.5312969000078738,,,,,emo04,001,2025-11-17_16h44.52.779,solo project_version2,,2025.1.1,59.721102441479964,2025-11-17 16h45.10.999511 +0530,
D:\happyimage4.jpeg,38,10,2,up,1,1.087589000002481,None,0,5,2.6460232000099495,2,10,38,3,207.10973319993354,,,,,,,,,207.10173260001466,207.10973319993354,208.09298489999492,208.1066435999237,208.6059513000073,208.70617759996094,209.8072348999558,up,1,1.087589000002481,None,0,209.81071180000436,209.82270059990697,209.82270059990697,212.4729643999599,5,2.6460232000099495,,,,,emo04,001,2025-11-17_16h44.52.779,solo project_version2,,2025.1.1,59.721102441479964,2025-11-17 16h45.10.999511 +0530,
D:\sadimage6.jpeg,39,11,2,up,1,1.195962900063023,None,0,2.0,3.7953788000158966,2,11,39,12,212.49276069994085,,,,,,,,,212.4755350999767,212.49276069994085,213.47554809995927,213.48934470000677,213.98881579993758,214.0724567999132,215.2733846999472,up,1,1.195962900063023,None,0,215.2775162999751,215.28872939990833,215.28872939990833,219.08888739999384,2.0,3.7953788000158966,,,,,emo04,001,2025-11-17_16h44.52.779,solo project_version2,,2025.1.1,59.721102441479964,2025-11-17 16h45.10.999511 +0530,
D:\sadimage3.jpeg,40,12,2,up,1,0.6980176001088694,None,0,3.0074074074074075,1.2796311000129208,2,12,40,9,219.10872109991033,,,,,,,,,219.0912664999487,219.10872109991033,220.09170539991464,220.10537449992262,220.60478799999692,220.68825849995483,221.38916999998037,up,1,0.6980176001088694,None,0,221.39276959991548,221.4049071999034,221.4049071999034,222.68855929991696,3.0074074074074075,1.2796311000129208,,,,,emo04,001,2025-11-17_16h44.52.779,solo project_version2,,2025.1.1,59.721102441479964,2025-11-17 16h45.10.999511 +0530,
D:\happyimage6.jpeg,41,13,2,up,0,0.6142172000836581,None,0,5,1.4974882999667898,2,13,41,5,222.70812349999323,,,,,,,,,222.69090629997663,222.70812349999323,223.69147700001486,223.70515840000007,224.20439769991208,224.28789219993632,224.9053979999153,up,0,0.6142172000836581,None,0,224.9092255999567,224.92102639994118,224.92102639994118,226.42156719998457,5,1.4974882999667898,,,,,emo04,001,2025-11-17_16h44.52.779,solo project_version2,,2025.1.1,59.721102441479964,2025-11-17 16h45.10.999511 +0530,
D:\sadimage5.jpeg,42,0,3,up,1,0.7179894999135286,None,0,4.033333333333333,2.5951205000746995,3,0,42,11,226.44131499994546,,,,,,,,,226.4237768999301,226.44131499994546,227.42431809997652,227.43802189989947,227.9376127999276,228.02113139990252,228.755307000014,up,1,0.7179894999135286,None,0,228.7596113999607,228.77102469990496,228.77102469990496,231.37116469989996,4.033333333333333,2.5951205000746995,,,,,emo04,001,2025-11-17_16h44.52.779,solo project_version2,,2025.1.1,59.721102441479964,2025-11-17 16h45.10.999511 +0530,
D:\happyimage1.jpeg,43,1,3,up,1,0.6548872999846935,None,0,4.011111111111111,2.379332000040449,3,1,43,0,231.39078009990044,,,,,,,,,231.37343529995997,231.39078009990044,232.37375559995417,232.38743809994776,232.88705569994636,232.97040369990282,233.63806769996881,up,1,0.6548872999846935,None,0,233.64148120000027,233.65348499990068,233.65348499990068,236.03753769991454,4.011111111111111,2.379332000040449,,,,,emo04,001,2025-11-17_16h44.52.779,solo project_version2,,2025.1.1,59.721102441479964,2025-11-17 16h45.10.999511 +0530,
D:\happyimage6.jpeg,44,2,3,down,1,0.5233675000490621,None,-8,5,1.2787774000316858,3,2,44,5,236.0565179999685,,,,,,,,,236.03997769998387,236.0565179999685,237.04037930001505,237.05415919993538,237.55295289994683,237.65341429994442,238.1877723999787,down,1,0.5233675000490621,None,-8,238.19179369998164,238.20333669998217,238.20333669998217,239.48689479997847,5,1.2787774000316858,,,,,emo04,001,2025-11-17_16h44.52.779,solo project_version2,,2025.1.1,59.721102441479964,2025-11-17 16h45.10.999511 +0530,
D:\sadimage1.jpeg,45,3,3,down,1,1.6429741999600083,None,-3,2.011111111111111,3.8775724000297487,3,3,45,7,239.50623279996216,,,,,,,,,239.48947659996338,239.50623279996216,240.48982359992806,240.50337579997722,241.00294749997556,241.0863570999354,242.7378977999324,down,1,1.6429741999600083,None,-3,242.7426678999327,242.75614610000048,242.75614610000048,246.63639100000728,2.011111111111111,3.8775724000297487,,,,,emo04,001,2025-11-17_16h44.52.779,solo project_version2,,2025.1.1,59.721102441479964,2025-11-17 16h45.10.999511 +0530,
D:\sadimage2.jpeg,46,4,3,up,1,0.8536329000489786,None,0,2.977777777777778,1.9978106999769807,3,4,46,8,246.6553870999487,,,,,,,,,246.6390640999889,246.6553870999487,247.63928100001067,247.65283879998606,248.15201749990229,248.2356095999712,249.10290099994745,up,1,0.8536329000489786,None,0,249.1061271999497,249.11877259996254,249.11877259996254,251.11948849994224,2.977777777777778,1.9978106999769807,,,,,emo04,001,2025-11-17_16h44.52.779,solo project_version2,,2025.1.1,59.721102441479964,2025-11-17 16h45.10.999511 +0530,
D:\sadimage3.jpeg,47,5,3,up,1,3.227849399903789,None,0,2.992592592592593,1.1446559000760317,3,5,47,9,251.13847229990643,,,,,,,,,251.122108999989,251.13847229990643,252.12220759992488,252.13583499996457,252.63576189999003,252.73514279990923,255.9696585999336,up,1,3.227849399903789,None,0,255.97440999990795,255.98611920000985,255.98611920000985,257.1353865999263,2.992592592592593,1.1446559000760317,,,,,emo04,001,2025-11-17_16h44.52.779,solo project_version2,,2025.1.1,59.721102441479964,2025-11-17 16h45.10.999511 +0530,
D:\sadimage7.jpeg,48,6,3,up,1,0.9986419000197202,None,0,2.0,2.5619459999725223,3,6,48,13,257.15470469999127,,,,,,,,,257.1377853999147,257.15470469999127,258.1379947999958,258.15182199992705,258.65097409999,258.75117840000894,259.7522646000143,up,1,0.9986419000197202,None,0,259.75624939997215,259.76760129991453,259.76760129991453,262.3349856999703,2.0,2.5619459999725223,,,,,emo04,001,2025-11-17_16h44.52.779,solo project_version2,,2025.1.1,59.721102441479964,2025-11-17 16h45.10.999511 +0530,
D:\happyimage5.jpeg,49,7,3,down,1,0.517816900042817,None,4,5,2.3800159000093117,3,7,49,4,262.35428369999863,,,,,,,,,262.33743559999857,262.35428369999863,263.33745039999485,263.3515658999095,263.8503588999156,263.9338661999209,264.4683620999567,down,1,0.517816900042817,None,4,264.4715918999864,264.48401369992644,264.48401369992644,266.8678562999703,5,2.3800159000093117,,,,,emo04,001,2025-11-17_16h44.52.779,solo project_version2,,2025.1.1,59.721102441479964,2025-11-17 16h45.10.999511 +0530,
D:\happyimage3.jpeg,50,8,3,up,1,0.7083758000517264,None,0,5,0.9663751000771299,3,8,50,2,266.88652609998826,,,,,,,,,266.86990940000396,266.88652609998826,267.87032310001086,267.8840484999819,268.38341859995853,268.4835798999993,269.20104079996236,up,1,0.7083758000517264,None,0,269.2048386000097,269.2167017000029,269.2167017000029,270.18393279996235,5,0.9663751000771299,,,,,emo04,001,2025-11-17_16h44.52.779,solo project_version2,,2025.1.1,59.721102441479964,2025-11-17 16h45.10.999511 +0530,
D:\sadimage4.jpg,51,9,3,down,1,0.6181112000485882,None,3,3.011111111111111,1.6965104000410065,3,9,51,10,270.4697111999849,,,,,,,,,270.4522525999928,270.4697111999849,271.1884171999991,271.46833639999386,271.69994540000334,271.7832053999882,272.4172898000106,down,1,0.6181112000485882,None,3,272.420708199963,272.4332549999235,272.4332549999235,274.1333692999324,3.011111111111111,1.6965104000410065,,,,,emo04,001,2025-11-17_16h44.52.779,solo project_version2,,2025.1.1,59.721102441479964,2025-11-17 16h45.10.999511 +0530,
D:\sadimage6.jpeg,52,10,3,down,1,0.5542666000546888,None,9,1.9666666666666666,3.925666099996306,3,10,52,12,274.1728407999035,,,,,,,,,274.14662010001484,274.1728407999035,275.13651240000036,275.1834211999085,275.64950409997255,275.73287319997326,276.3000290999189,down,1,0.5542666000546888,None,9,276.30340979993343,276.31606360001024,276.31606360001024,280.23467889998574,1.9666666666666666,3.925666099996306,,,,,emo04,001,2025-11-17_16h44.52.779,solo project_version2,,2025.1.1,59.721102441479964,2025-11-17 16h45.10.999511 +0530,
D:\happyimage7.jpeg,53,11,3,up,1,2.678361300029792,None,0,3.9925925925925925,3.7939594999188557,3,11,53,6,280.25209480000194,,,,,,,,,280.2370050000027,280.25209480000194,281.23602219996974,281.249541600002,281.7489332999103,281.8491154999938,284.5336984999012,up,1,2.678361300029792,None,0,284.538466900005,284.5532760999631,284.5532760999631,288.3492618999444,3.9925925925925925,3.7939594999188557,,,,,emo04,001,2025-11-17_16h44.52.779,solo project_version2,,2025.1.1,59.721102441479964,2025-11-17 16h45.10.999511 +0530,
D:\happyimage4.jpeg,54,12,3,up,1,3.1274417999666184,None,0,5,1.6309500000206754,3,12,54,3,288.3683146999683,,,,,,,,,288.3613875999581,288.3683146999683,289.35155169991776,289.365252199932,289.8645349999424,289.96474659990054,293.0982411999721,up,1,3.1274417999666184,None,0,293.10140629997477,293.1140138999326,293.1140138999326,294.74853420001455,5,1.6309500000206754,,,,,emo04,001,2025-11-17_16h44.52.779,solo project_version2,,2025.1.1,59.721102441479964,2025-11-17 16h45.10.999511 +0530,
D:\happyimage2.jpeg,55,13,3,down,1,0.7485804000170901,None,-9,5,1.6521310999523848,3,13,55,1,294.7681291999761,,,,,,,,,294.7521188999526,294.7681291999761,295.75086299993563,295.764364499948,296.2637183999177,296.36411580001004,297.1145010999171,down,1,0.7485804000170901,None,-9,297.1185292999726,297.13026799994987,297.13026799994987,298.7775113999378,5,1.6521310999523848,,,,,emo04,001,2025-11-17_16h44.52.779,solo project_version2,,2025.1.1,59.721102441479964,2025-11-17 16h45.10.999511 +0530,
D:\sadimage7.jpeg,56,0,4,up,1,0.7259779999731109,None,0,2.0074074074074075,3.514149900060147,4,0,56,13,298.78903649991844,,,,,,,,,298.7810012999689,298.78903649991844,299.7835639999248,299.7974288999103,300.29637889994774,300.38023359992076,301.11411079997197,up,1,0.7259779999731109,None,0,301.1171144999098,301.12994359992445,301.12994359992445,304.6472618000116,2.0074074074074075,3.514149900060147,,,,,emo04,001,2025-11-17_16h44.52.779,solo project_version2,,2025.1.1,59.721102441479964,2025-11-17 16h45.10.999511 +0530,
D:\sadimage4.jpg,57,1,4,up,1,3.177671500016004,None,0,2.0185185185185186,11.694140500039794,4,1,57,10,304.95598560001235,,,,,,,,,304.939182800008,304.95598560001235,305.65183649992105,305.9650459999684,306.16338159993757,306.2465164999012,309.4311981999781,up,1,3.177671500016004,None,0,309.43594959995244,309.4480358000146,309.4480358000146,321.14554399996996,2.0185185185185186,11.694140500039794,,,,,emo04,001,2025-11-17_16h44.52.779,solo project_version2,,2025.1.1,59.721102441479964,2025-11-17 16h45.10.999511 +0530,
D:\happyimage3.jpeg,58,2,4,up,1,2.9807521000038832,None,0,4.003703703703704,2.8428362000267953,4,2,58,2,321.1835339999525,,,,,,,,,321.1567536999937,321.1835339999525,322.1483312000055,322.19529939990025,322.6611928999191,322.74501859990414,325.7294596999418,up,1,2.9807521000038832,None,0,325.73564209998585,325.7478615998989,325.7478615998989,328.59471149998717,4.003703703703704,2.8428362000267953,,,,,emo04,001,2025-11-17_16h44.52.779,solo project_version2,,2025.1.1,59.721102441479964,2025-11-17 16h45.10.999511 +0530,
D:\happyimage4.jpeg,59,3,4,down,1,0.9679129000287503,None,7,5,1.5788983999518678,4,3,59,3,328.61426089995075,,,,,,,,,328.605894099921,328.61426089995075,329.59759039990604,329.6112002999289,330.1106194999302,330.1940852999687,331.1785440999083,down,1,0.9679129000287503,None,7,331.1824793999549,331.19415869994555,331.19415869994555,332.7776429000078,5,1.5788983999518678,,,,,emo04,001,2025-11-17_16h44.52.779,solo project_version2,,2025.1.1,59.721102441479964,2025-11-17 16h45.10.999511 +0530,
D:\sadimage1.jpeg,60,4,4,up,1,1.3200238000135869,None,0,2.0,1.9782734999898821,4,4,60,7,332.7974229999818,,,,,,,,,332.78000899998005,332.7974229999818,333.78080019995105,333.79474659997504,334.2937197999563,334.3772133999737,335.71144829993136,up,1,1.3200238000135869,None,0,335.7160465999041,335.7276304999832,335.7276304999832,337.7105159999337,2.0,1.9782734999898821,,,,,emo04,001,2025-11-17_16h44.52.779,solo project_version2,,2025.1.1,59.721102441479964,2025-11-17 16h45.10.999511 +0530,
D:\happyimage2.jpeg,61,5,4,up,0,1.4084009000798687,None,-1,5,1.5302181000588462,4,5,61,1,337.73015249997843,,,,,,,,,337.7128778999904,337.73015249997843,338.71342869999353,338.7270850999048,339.226336899912,339.3096326999366,340.7273492999375,up,0,1.4084009000798687,None,-1,340.7307778999675,340.7426733999746,340.7426733999746,342.2773811999941,5,1.5302181000588462,,,,,emo04,001,2025-11-17_16h44.52.779,solo project_version2,,2025.1.1,59.721102441479964,2025-11-17 16h45.10.999511 +0530,
D:\happyimage1.jpeg,62,6,4,down,1,0.5719122999580577,None,8,5,3.5123992000008,4,6,62,0,342.2961215999676,,,,,,,,,342.2810641999822,342.2961215999676,343.279615300009,343.29283900000155,343.79238439991605,343.89253859990276,344.47730569995474,down,1,0.5719122999580577,None,8,344.4808042999357,344.4922102999408,344.4922102999408,348.0098845999455,5,3.5123992000008,,,,,emo04,001,2025-11-17_16h44.52.779,solo project_version2,,2025.1.1,59.721102441479964,2025-11-17 16h45.10.999511 +0530,
D:\sadimage2.jpeg,63,7,4,up,0,1.9091640999540687,None,2,5.0,2.3793877999996766,4,7,63,8,348.0293251000112,,,,,,,,,348.01358379994053,348.0293251000112,349.0130422000075,349.0261348999338,349.5253198000137,349.62555329990573,351.54298079991713,up,0,1.9091640999540687,None,2,351.5464061999228,351.5586170000024,351.5586170000024,353.94233029999305,5.0,2.3793877999996766,,,,,emo04,001,2025-11-17_16h44.52.779,solo project_version2,,2025.1.1,59.721102441479964,2025-11-17 16h45.10.999511 +0530,
D:\happyimage6.jpeg,64,8,4,down,1,0.7468693000264466,None,4,5,1.4125383000355214,4,8,64,5,353.96155489992816,,,,,,,,,353.9448083000025,353.96155489992816,354.944774899981,354.95861809991766,355.458096099901,355.5416124999756,356.2925681999186,down,1,0.7468693000264466,None,4,356.2962322999956,356.3081365999533,356.3081365999533,357.72534819995053,5,1.4125383000355214,,,,,emo04,001,2025-11-17_16h44.52.779,solo project_version2,,2025.1.1,59.721102441479964,2025-11-17 16h45.10.999511 +0530,
D:\happyimage5.jpeg,65,9,4,down,1,0.9359521999722347,None,-8,3.9962962962962965,3.5803858999861404,4,9,65,4,357.74425999994855,,,,,,,,,357.72825129993726,357.74425999994855,358.72826189990155,358.7417180999182,359.2409805000061,359.34130769991316,360.29218389990274,down,1,0.9359521999722347,None,-8,360.2961760999169,360.3077099999646,360.3077099999646,363.89144479995593,3.9962962962962965,3.5803858999861404,,,,,emo04,001,2025-11-17_16h44.52.779,solo project_version2,,2025.1.1,59.721102441479964,2025-11-17 16h45.10.999511 +0530,
D:\sadimage3.jpeg,66,10,4,down,1,1.3234230000525713,None,4,1.988888888888889,3.9624544999096543,4,10,66,9,363.9104438999202,,,,,,,,,363.8935166998999,363.9104438999202,364.8940730999457,364.9077954000095,365.4071704999078,365.5072880999651,366.84135449992027,down,1,1.3234230000525713,None,4,366.8452035000082,366.85734360001516,366.85734360001516,370.8238559999736,1.988888888888889,3.9624544999096543,,,,,emo04,001,2025-11-17_16h44.52.779,solo project_version2,,2025.1.1,59.721102441479964,2025-11-17 16h45.10.999511 +0530,
D:\sadimage6.jpeg,67,11,4,down,1,1.4000694000860676,None,-7,3.0037037037037035,3.1111589999636635,4,11,67,12,370.843504199991,,,,,,,,,370.82620169990696,370.843504199991,371.8268954999512,371.840271199937,372.339634199976,372.4234301999677,373.8247387999436,down,1,1.4000694000860676,None,-7,373.82943709997926,373.83975719998125,373.83975719998125,376.956555099925,3.0037037037037035,3.1111589999636635,,,,,emo04,001,2025-11-17_16h44.52.779,solo project_version2,,2025.1.1,59.721102441479964,2025-11-17 16h45.10.999511 +0530,
D:\sadimage5.jpeg,68,12,4,up,1,0.9316667999373749,None,0,2.992592592592593,1.6786847000475973,4,12,68,11,376.9758993999567,,,,,,,,,376.95882880000863,376.9758993999567,377.95991199999116,377.9735348999966,378.472750899964,378.5562555999495,379.4903258999111,up,1,0.9316667999373749,None,0,379.49447399994824,379.50577569997404,379.50577569997404,381.18956909992266,2.992592592592593,1.6786847000475973,,,,,emo04,001,2025-11-17_16h44.52.779,solo project_version2,,2025.1.1,59.721102441479964,2025-11-17 16h45.10.999511 +0530,
D:\happyimage7.jpeg,69,13,4,up,1,2.731095099938102,None,0,4.411111111111111,3.1754547000164166,4,13,69,6,381.20930330001283,,,,,,,,,381.19205760001205,381.20930330001283,382.1925314000109,382.20619209995493,382.70552329998463,382.7891646999633,385.52335979999043,up,1,2.731095099938102,None,0,385.5307823999319,385.5468629999086,385.5468629999086,388.72240049997345,4.411111111111111,3.1754547000164166,,,,,emo04,001,2025-11-17_16h44.52.779,solo project_version2,,2025.1.1,59.721102441479964,2025-11-17 16h45.10.999511 +0530,
D:\sadimage1.jpeg,70,0,5,down,1,0.9675484999315813,None,4,2.011111111111111,2.927972999983467,5,0,70,7,388.7416885999264,,,,,,,,,388.7247026999248,388.7416885999264,389.7250300999731,389.73856600001454,390.23809969995636,390.3217705999268,391.30591839994304,down,1,0.9675484999315813,None,4,391.310808399925,391.3214655999327,391.3214655999327,394.25494329992216,2.011111111111111,2.927972999983467,,,,,emo04,001,2025-11-17_16h44.52.779,solo project_version2,,2025.1.1,59.721102441479964,2025-11-17 16h45.10.999511 +0530,
D:\happyimage1.jpeg,71,1,5,up,0,1.891165499924682,None,1,5,3.011280299979262,5,1,71,0,394.2743457999313,,,,,,,,,394.2572659999132,394.2743457999313,395.25760609994177,395.27123149996623,395.77078929997515,395.8542722999118,397.75557379995007,up,0,1.891165499924682,None,1,397.76048219995573,397.7718550999416,397.7718550999416,400.7876384999836,5,3.011280299979262,,,,,emo04,001,2025-11-17_16h44.52.779,solo project_version2,,2025.1.1,59.721102441479964,2025-11-17 16h45.10.999511 +0530,
D:\happyimage3.jpeg,72,2,5,up,1,0.7902636000653729,None,0,5,1.4959228000370786,5,2,72,2,400.80685469997115,,,,,,,,,400.7904626999516,400.80685469997115,401.7904186999658,401.80413319997024,402.3034691999201,402.4037071999628,403.2044695999939,up,1,0.7902636000653729,None,0,403.2083142999327,403.2199666999513,403.2199666999513,404.72065539995674,5,1.4959228000370786,,,,,emo04,001,2025-11-17_16h44.52.779,solo project_version2,,2025.1.1,59.721102441479964,2025-11-17 16h45.10.999511 +0530,
D:\happyimage4.jpeg,73,3,5,down,1,1.0024145999923348,None,-7,5,2.67949850007426,5,3,73,3,404.7402421999723,,,,,,,,,404.7323162999237,404.7402421999723,405.72316399996635,405.7370063000126,406.23637379996944,406.3198612999404,407.3377495999448,down,1,1.0024145999923348,None,-7,407.3414526999695,407.3532716999762,407.3532716999762,410.0368259999668,5,2.67949850007426,,,,,emo04,001,2025-11-17_16h44.52.779,solo project_version2,,2025.1.1,59.721102441479964,2025-11-17 16h45.10.999511 +0530,
D:\happyimage5.jpeg,74,4,5,down,1,0.7289587000850588,None,8,5,1.3323602000018582,5,4,74,4,410.05595969990827,,,,,,,,,410.03965229995083,410.05595969990827,411.0395172999706,411.05326259997673,411.5525511999149,411.6361093999585,412.370561299962,down,1,0.7289587000850588,None,8,412.37494839995634,412.3859417999629,412.3859417999629,413.7193100999575,5,1.3323602000018582,,,,,emo04,001,2025-11-17_16h44.52.779,solo project_version2,,2025.1.1,59.721102441479964,2025-11-17 16h45.10.999511 +0530,
D:\sadimage3.jpeg,75,5,5,up,0,0.8280574000673369,None,-2,2.996296296296296,3.9613510000053793,5,5,75,9,413.7389770000009,,,,,,,,,413.7214886000147,413.7389770000009,414.72256759996526,414.7362587999087,415.23565269995015,415.3189677000046,416.1537751000142,up,0,0.8280574000673369,None,-2,416.15833259990904,416.16879339993466,416.16879339993466,420.13589789997786,2.996296296296296,3.9613510000053793,,,,,emo04,001,2025-11-17_16h44.52.779,solo project_version2,,2025.1.1,59.721102441479964,2025-11-17 16h45.10.999511 +0530,
D:\sadimage6.jpeg,76,6,5,down,1,0.8872122999746352,None,-3,1,8.028199700056575,5,6,76,12,420.15488789998926,,,,,,,,,420.1403842999134,420.15488789998926,421.1385344999144,421.1520510999253,421.65150949999224,421.73518909991253,422.6362825999968,down,1,0.8872122999746352,None,-3,422.64070479990914,422.65158989990596,422.65158989990596,430.68557339999825,1,8.028199700056575,,,,,emo04,001,2025-11-17_16h44.52.779,solo project_version2,,2025.1.1,59.721102441479964,2025-11-17 16h45.10.999511 +0530,
D:\happyimage6.jpeg,77,7,5,down,0,1.1666313000023365,None,0,5,4.698575499933213,5,7,77,5,430.70386119990144,,,,,,,,,430.6887586999219,430.70386119990144,431.68709109991323,431.7007725998992,432.2002845999086,432.3003685999429,433.46742729994,down,0,1.1666313000023365,None,0,433.4690984999761,433.4832078999607,433.4832078999607,438.1837833999889,5,4.698575499933213,,,,,emo04,001,2025-11-17_16h44.52.779,solo project_version2,,2025.1.1,59.721102441479964,2025-11-17 16h45.10.999511 +0530,
D:\happyimage2.jpeg,78,8,5,up,1,0.6283750000875443,None,0,5,5.563344600028358,5,8,78,1,438.20320999994874,,,,,,,,,438.18608619994484,438.20320999994874,439.1864860999631,439.200267600012,439.699438599986,439.7832488999702,440.4172183999326,up,1,0.6283750000875443,None,0,440.4202107999008,440.43318689998705,440.43318689998705,446.000014499994,5,5.563344600028358,,,,,emo04,001,2025-11-17_16h44.52.779,solo project_version2,,2025.1.1,59.721102441479964,2025-11-17 16h45.10.999511 +0530,
D:\sadimage7.jpeg,79,9,5,down,1,13.718858600012027,None,9,2.988888888888889,2.9827451000455767,5,9,79,13,446.01929769990966,,,,,,,,,446.0026902999962,446.01929769990966,447.0028560999781,447.01659869996365,447.5153159999754,447.6158441998996,461.34786509990226,down,1,13.718858600012027,None,9,461.3495818999363,461.3641078999499,461.3641078999499,464.34787579998374,2.988888888888889,2.9827451000455767,,,,,emo04,001,2025-11-17_16h44.52.779,solo project_version2,,2025.1.1,59.721102441479964,2025-11-17 16h45.10.999511 +0530,
D:\sadimage5.jpeg,80,10,5,down,1,0.9493690000381321,None,-9,3.025925925925926,4.813468100037426,5,10,80,11,464.36705559992697,,,,,,,,,464.3510868999874,464.36705559992697,465.3507072000066,465.36433829995804,465.86400609998964,465.9474808999803,466.8980037999572,down,1,0.9493690000381321,None,-9,466.9010878999252,466.9139348999597,466.9139348999597,471.73047069995664,3.025925925925926,4.813468100037426,,,,,emo04,001,2025-11-17_16h44.52.779,solo project_version2,,2025.1.1,59.721102441479964,2025-11-17 16h45.10.999511 +0530,
D:\happyimage7.jpeg,81,11,5,up,1,0.9505246999906376,None,0,5,2.445419600000605,5,11,81,6,471.7502311000135,,,,,,,,,471.7328012000071,471.7502311000135,472.7332709999755,472.74733969999943,473.2463541999459,473.3297906999942,474.2973872999428,up,1,0.9505246999906376,None,0,474.30139039992355,474.3131325999275,474.3131325999275,476.763166599907,5,2.445419600000605,,,,,emo04,001,2025-11-17_16h44.52.779,solo project_version2,,2025.1.1,59.721102441479964,2025-11-17 16h45.10.999511 +0530,
D:\sadimage4.jpg,82,12,5,down,1,0.8068104000994936,None,-6,3.9962962962962965,2.610119599965401,5,12,82,10,477.0725131999934,,,,,,,,,477.05538439995144,477.0725131999934,477.76790629990865,478.0812808999326,478.2792978999205,478.36285779997706,479.1805570999859,down,1,0.8068104000994936,None,-6,479.18628639995586,479.19635469990317,479.19635469990317,481.81293189991266,3.9962962962962965,2.610119599965401,,,,,emo04,001,2025-11-17_16h44.52.779,solo project_version2,,2025.1.1,59.721102441479964,2025-11-17 16h45.10.999511 +0530,
D:\sadimage2.jpeg,83,13,5,up,1,0.7482127000112087,None,0,3.988888888888889,1.2316474000690505,5,13,83,8,481.8517197999172,,,,,,,,,481.82587499998044,481.8517197999172,482.81565859995317,482.8626100999536,483.32892739993986,483.4122298998991,484.1633079999592,up,1,0.7482127000112087,None,0,484.1670409999788,484.1791006999556,484.1791006999556,485.41267509991303,3.988888888888889,1.2316474000690505,,,,,emo04,001,2025-11-17_16h44.52.779,solo project_version2,,2025.1.1,59.721102441479964,2025-11-17 16h45.10.999511 +0530,
D:\happyimage6.jpeg,84,0,6,up,1,0.7183087000157684,None,0,5,1.2281007000710815,6,0,84,5,485.4319903999567,,,,,,,,,485.4153540999396,485.4319903999567,486.4151262999512,486.4289741999237,486.92828349990305,487.0120154999895,487.74639789992943,up,1,0.7183087000157684,None,0,487.7568800000008,487.766503599938,487.766503599938,488.9957687999122,5,1.2281007000710815,,,,,emo04,001,2025-11-17_16h44.52.779,solo project_version2,,2025.1.1,59.721102441479964,2025-11-17 16h45.10.999511 +0530,
D:\happyimage2.jpeg,85,1,6,down,1,0.5758380000479519,None,-9,3.0037037037037035,2.062857500044629,6,1,85,1,489.0149265999207,,,,,,,,,488.9980719999876,489.0149265999207,489.9984406000003,490.0120329000056,490.51132589997724,490.61153469991405,491.1957581999013,down,1,0.5758380000479519,None,-9,491.19931769999675,491.2114805999445,491.2114805999445,493.2783583999844,3.0037037037037035,2.062857500044629,,,,,emo04,001,2025-11-17_16h44.52.779,solo project_version2,,2025.1.1,59.721102441479964,2025-11-17 16h45.10.999511 +0530,
D:\sadimage3.jpeg,86,2,6,up,1,0.8759182000067085,None,0,1.0,1.4998246000614017,6,2,86,9,493.2979595999932,,,,,,,,,493.2805591999786,493.2979595999932,494.2811875999905,494.29449589992873,494.7940405999543,494.8944726999616,495.7775926999748,up,1,0.8759182000067085,None,0,495.7790345000103,495.793804399902,495.793804399902,497.2952234999975,1.0,1.4998246000614017,,,,,emo04,001,2025-11-17_16h44.52.779,solo project_version2,,2025.1.1,59.721102441479964,2025-11-17 16h45.10.999511 +0530,
D:\sadimage1.jpeg,87,3,6,down,1,3.0069676000857726,None,1,2.0037037037037035,2.097001099959016,6,3,87,7,497.3142913999036,,,,,,,,,497.29889579990413,497.3142913999036,498.2974645999493,498.3108490000013,498.81044349994045,498.9102976999711,501.9278086000122,down,1,3.0069676000857726,None,1,501.9308421999449,501.9431957999477,501.9431957999477,504.04421389999334,2.0037037037037035,2.097001099959016,,,,,emo04,001,2025-11-17_16h44.52.779,solo project_version2,,2025.1.1,59.721102441479964,2025-11-17 16h45.10.999511 +0530,
D:\happyimage4.jpeg,88,4,6,down,1,0.644090999965556,None,-10,5,3.3635919999796897,6,4,88,3,504.06335289997514,,,,,,,,,504.05643889994826,504.06335289997514,505.04683269991074,505.0601603999967,505.5597616999876,505.65988910000306,506.3106359000085,down,1,0.644090999965556,None,-10,506.3140293000033,506.326589699951,506.326589699951,509.69330899999477,5,3.3635919999796897,,,,,emo04,001,2025-11-17_16h44.52.779,solo project_version2,,2025.1.1,59.721102441479964,2025-11-17 16h45.10.999511 +0530,
D:\happyimage7.jpeg,89,5,6,down,1,0.7282648999243975,None,-10,5,0.9798175999894738,6,5,89,6,509.71283769991715,,,,,,,,,509.6962322999025,509.71283769991715,510.6965237999102,510.7102114999434,511.2091802000068,511.2927841999335,512.0270682999399,down,1,0.7282648999243975,None,-10,512.0304285999155,512.0426742999116,512.0426742999116,513.0267933999421,5,0.9798175999894738,,,,,emo04,001,2025-11-17_16h44.52.779,solo project_version2,,2025.1.1,59.721102441479964,2025-11-17 16h45.10.999511 +0530,
D:\sadimage4.jpg,90,6,6,up,1,1.1451907999580726,None,0,3.0,1.7461478000041097,6,6,90,10,513.3369865999557,,,,,,,,,513.3195536999265,513.3369865999557,514.0308573999209,514.3442930999445,514.5422712999862,514.6424780999077,515.7933180999244,up,1,1.1451907999580726,None,0,515.7967079000082,515.8090535999509,515.8090535999509,517.5594008999178,3.0,1.7461478000041097,,,,,emo04,001,2025-11-17_16h44.52.779,solo project_version2,,2025.1.1,59.721102441479964,2025-11-17 16h45.10.999511 +0530,
D:\sadimage2.jpeg,91,7,6,up,1,0.9761455999687314,None,0,3.0037037037037035,0.9617099000606686,6,7,91,8,517.5974535999121,,,,,,,,,517.5721626000013,517.5974535999121,518.5621733999578,518.6092921999516,519.0751577999908,519.158717299928,520.1429814998992,up,1,0.9761455999687314,None,0,520.1474235999631,520.1587319999235,520.1587319999235,521.1254900000058,3.0037037037037035,0.9617099000606686,,,,,emo04,001,2025-11-17_16h44.52.779,solo project_version2,,2025.1.1,59.721102441479964,2025-11-17 16h45.10.999511 +0530,
D:\happyimage3.jpeg,92,8,6,down,1,0.8578775000059977,None,-4,5.0,6.367547700065188,6,8,92,2,521.1449906999478,,,,,,,,,521.1283510999056,521.1449906999478,522.1284191999584,522.1418904999737,522.6415135000134,522.7250308999792,523.5927178999409,down,1,0.8578775000059977,None,-4,523.5966316999402,523.6084360999521,523.6084360999521,529.9696692000143,5.0,6.367547700065188,,,,,emo04,001,2025-11-17_16h44.52.779,solo project_version2,,2025.1.1,59.721102441479964,2025-11-17 16h45.10.999511 +0530,
D:\sadimage5.jpeg,93,9,6,down,1,2.3766574999317527,None,-4,5,1.108903000014834,6,9,93,11,529.9786046999507,,,,,,,,,529.9719149000011,529.9786046999507,530.9776022000005,530.9913497999078,531.4907784999814,531.5742920999182,533.9588711999822,down,1,2.3766574999317527,None,-4,533.9636114999885,533.975747999968,533.975747999968,535.0780573999509,5,1.108903000014834,,,,,emo04,001,2025-11-17_16h44.52.779,solo project_version2,,2025.1.1,59.721102441479964,2025-11-17 16h45.10.999511 +0530,
D:\happyimage1.jpeg,94,10,6,up,1,0.5259600999997929,None,0,5,0.8625790999503806,6,10,94,0,535.0931963999756,,,,,,,,,535.0802471999777,535.0931963999756,536.09077349992,536.09077349992,536.5903282999061,536.6904825000092,537.2246138999471,up,1,0.5259600999997929,None,0,537.228368400014,537.240221099928,537.240221099928,538.1074372999137,5,0.8625790999503806,,,,,emo04,001,2025-11-17_16h44.52.779,solo project_version2,,2025.1.1,59.721102441479964,2025-11-17 16h45.10.999511 +0530,
D:\happyimage5.jpeg,95,11,6,down,1,0.5379821000387892,None,9,5,0.9947750000283122,6,11,95,4,538.1268880999414,,,,,,,,,538.1098363999045,538.1268880999414,539.1104611000046,539.1239279999863,539.623316799989,539.7069619999966,540.2580629999284,down,1,0.5379821000387892,None,9,540.2624829999404,540.2729968999047,540.2729968999047,541.2737069999566,5,0.9947750000283122,,,,,emo04,001,2025-11-17_16h44.52.779,solo project_version2,,2025.1.1,59.721102441479964,2025-11-17 16h45.10.999511 +0530,
D:\sadimage6.jpeg,96,12,6,down,1,1.0592477000318468,None,8,2.0,2.8617751999991015,6,12,96,12,541.2933051999426,,,,,,,,,541.2766419999534,541.2933051999426,542.2764535999158,542.2901403999422,542.7894186999183,542.873353999923,543.9406484999927,down,1,1.0592477000318468,None,8,543.9454402999254,543.9559196999762,543.9559196999762,546.8232164999936,2.0,2.8617751999991015,,,,,emo04,001,2025-11-17_16h44.52.779,solo project_version2,,2025.1.1,59.721102441479964,2025-11-17 16h45.10.999511 +0530,
D:\sadimage7.jpeg,97,13,6,down,1,0.785734900040552,None,-6,2.0,1.4290763000026345,6,13,97,13,546.8424886999419,,,,,,,,,546.8256933999946,546.8424886999419,547.8259036999661,547.8396119999234,548.3391637000022,548.4223516999045,549.2234761000145,down,1,0.785734900040552,None,-6,549.2274507000111,549.2390798999695,549.2390798999695,550.6728643999668,2.0,1.4290763000026345,,,,,emo04,001,2025-11-17_16h44.52.779,solo project_version2,,2025.1.1,59.721102441479964,2025-11-17 16h45.10.999511 +0530,
D:\happyimage2.jpeg,98,0,7,down,0,2.810452500008978,None,0,5,2.2969386000186205,7,0,98,1,550.6923071999336,,,,,,,,,550.675337899942,550.6923071999336,551.6752541000023,551.6886513999198,552.1881952999393,552.28858329996,555.1062086999882,down,0,2.810452500008978,None,0,555.1093153000111,555.1213045999175,555.1213045999175,557.4228388000047,5,2.2969386000186205,,,,,emo04,001,2025-11-17_16h44.52.779,solo project_version2,,2025.1.1,59.721102441479964,2025-11-17 16h45.10.999511 +0530,
D:\happyimage1.jpeg,99,1,7,down,1,1.0091170999221504,None,-7,5,2.565571799990721,7,1,99,0,557.4416816999437,,,,,,,,,557.4255626999075,557.4416816999437,558.4252378999954,558.4383016999345,558.9374128999189,559.0382404999109,560.0548185999505,down,1,1.0091170999221504,None,-7,560.0568574999925,560.0712580999825,560.0712580999825,562.6381554999389,5,2.565571799990721,,,,,emo04,001,2025-11-17_16h44.52.779,solo project_version2,,2025.1.1,59.721102441479964,2025-11-17 16h45.10.999511 +0530,
D:\sadimage1.jpeg,100,2,7,down,0,0.7543171000434086,None,0,3.051851851851852,4.013493900070898,7,2,100,7,562.6575275999494,,,,,,,,,562.6409144999925,562.6575275999494,563.6410993000027,563.6546535999514,564.1541762999259,564.2378271999769,565.0050665999297,down,0,0.7543171000434086,None,0,565.0080766999163,565.0208525999915,565.0208525999915,569.0374184999382,3.051851851851852,4.013493900070898,,,,,emo04,001,2025-11-17_16h44.52.779,solo project_version2,,2025.1.1,59.721102441479964,2025-11-17 16h45.10.999511 +0530,
D:\happyimage5.jpeg,101,3,7,up,1,0.8284220000496134,None,0,5,3.2963575000176206,7,3,101,4,569.0566896999953,,,,,,,,,569.0397875999333,569.0566896999953,570.0405897999881,570.0542102999752,570.5533920999151,570.6370451999828,571.4709571999265,up,1,0.8284220000496134,None,0,571.4743839999428,571.4866772999521,571.4866772999521,574.7873373999028,5,3.2963575000176206,,,,,emo04,001,2025-11-17_16h44.52.779,solo project_version2,,2025.1.1,59.721102441479964,2025-11-17 16h45.10.999511 +0530,
D:\sadimage6.jpeg,102,4,7,down,1,0.6378601999022067,None,-6,1.9962962962962962,2.746952399960719,7,4,102,12,574.8062064999249,,,,,,,,,574.7897276999429,574.8062064999249,575.7898698999779,575.8034475999884,576.3028263999149,576.4030325999483,577.0538883999689,down,1,0.6378601999022067,None,-6,577.0568036999321,577.0698345999699,577.0698345999699,579.8199115999741,1.9962962962962962,2.746952399960719,,,,,emo04,001,2025-11-17_16h44.52.779,solo project_version2,,2025.1.1,59.721102441479964,2025-11-17 16h45.10.999511 +0530,
D:\happyimage3.jpeg,103,5,7,up,1,1.8452802000101656,None,0,5,3.628461700049229,7,5,103,2,579.8390958999516,,,,,,,,,579.82217639999,579.8390958999516,580.822623499902,580.8362069999566,581.3358796999091,581.4191643999657,583.2699917999562,up,1,1.8452802000101656,None,0,583.2745356999803,583.285282399971,583.285282399971,586.919110699906,5,3.628461700049229,,,,,emo04,001,2025-11-17_16h44.52.779,solo project_version2,,2025.1.1,59.721102441479964,2025-11-17 16h45.10.999511 +0530,
D:\sadimage7.jpeg,104,6,7,down,1,1.3526806000154465,None,-5,2.9814814814814814,2.262878599925898,7,6,104,13,586.9385442999192,,,,,,,,,586.9216845999472,586.9385442999192,587.922022899962,587.9362059999257,588.4350039999699,588.5185022999067,589.8864024999784,down,1,1.3526806000154465,None,-5,589.8905252999393,589.9018275999697,589.9018275999697,592.168832299998,2.9814814814814814,2.262878599925898,,,,,emo04,001,2025-11-17_16h44.52.779,solo project_version2,,2025.1.1,59.721102441479964,2025-11-17 16h45.10.999511 +0530,
D:\sadimage4.jpg,105,7,7,up,1,1.841033099917695,None,0,2.0037037037037035,2.5256107000168413,7,7,105,10,592.4655405000085,,,,,,,,,592.4494232999859,592.4655405000085,593.1728520999895,593.4697800999274,593.6845879999455,593.7843288999284,595.635471799993,up,1,1.841033099917695,None,0,595.6396192999091,595.6510439999402,595.6510439999402,598.1707418999868,2.0037037037037035,2.5256107000168413,,,,,emo04,001,2025-11-17_16h44.52.779,solo project_version2,,2025.1.1,59.721102441479964,2025-11-17 16h45.10.999511 +0530,
D:\happyimage7.jpeg,106,8,7,down,0,2.943964199977927,None,0,3.988888888888889,3.910736700054258,7,8,106,6,598.2087200999958,,,,,,,,,598.1833701999858,598.2087200999958,599.1710082999198,599.2179113999009,599.684123499901,599.7842219999293,602.735335299978,down,0,2.943964199977927,None,0,602.7411188000115,602.7549881999148,602.7549881999148,606.6674891000148,3.988888888888889,3.910736700054258,,,,,emo04,001,2025-11-17_16h44.52.779,solo project_version2,,2025.1.1,59.721102441479964,2025-11-17 16h45.10.999511 +0530,
D:\happyimage6.jpeg,107,9,7,up,1,0.8299435999942943,None,0,5,5.612622700049542,7,9,107,5,606.6865518999984,,,,,,,,,606.6699306999799,606.6865518999984,607.6700118998997,607.6835566000082,608.1832503000041,608.2831679999363,609.117112100008,up,1,0.8299435999942943,None,0,609.1208389999811,609.1331336000003,609.1331336000003,614.7497948999517,5,5.612622700049542,,,,,emo04,001,2025-11-17_16h44.52.779,solo project_version2,,2025.1.1,59.721102441479964,2025-11-17 16h45.10.999511 +0530,
D:\sadimage3.jpeg,108,10,7,up,1,4.38899569993373,None,0,2.022222222222222,3.9603041999507695,7,10,108,9,614.7688662,,,,,,,,,614.7526009000139,614.7688662,615.7526051999303,615.7660293999361,616.2656156999292,616.3492158999434,620.7503759999527,up,1,4.38899569993373,None,0,620.7553082999075,620.7683222999331,620.7683222999331,624.7320713999216,2.022222222222222,3.9603041999507695,,,,,emo04,001,2025-11-17_16h44.52.779,solo project_version2,,2025.1.1,59.721102441479964,2025-11-17 16h45.10.999511 +0530,
D:\happyimage4.jpeg,109,11,7,up,0,1.4314834999386221,None,-1,5,5.076776999980211,7,11,109,3,624.7516273999354,,,,,,,,,624.744632499991,624.7516273999354,625.7347762999125,625.748445599922,626.2481808000011,626.3316261,627.7662719999207,up,0,1.4314834999386221,None,-1,627.7712606999557,627.7834351999918,627.7834351999918,632.8647614999209,5,5.076776999980211,,,,,emo04,001,2025-11-17_16h44.52.779,solo project_version2,,2025.1.1,59.721102441479964,2025-11-17 16h45.10.999511 +0530,
D:\sadimage5.jpeg,110,12,7,down,0,8.325007700012065,None,0,3.011111111111111,2.8153910000110045,7,12,110,11,632.8841068999609,,,,,,,,,632.8677699000109,632.8841068999609,633.8674801999005,633.8810463999398,634.3803266999312,634.4805050999857,642.813040799927,down,0,8.325007700012065,None,0,642.81529519998,642.8292042999528,642.8292042999528,645.6465925999219,3.011111111111111,2.8153910000110045,,,,,emo04,001,2025-11-17_16h44.52.779,solo project_version2,,2025.1.1,59.721102441479964,2025-11-17 16h45.10.999511 +0530,
D:\sadimage2.jpeg,111,13,7,down,1,7.41577680001501,None,-1,1.9851851851851852,7.476094900048338,7,13,111,8,645.66613649996,,,,,,,,,645.6495360999834,645.66613649996,646.649397799978,646.6629283999791,647.1623688999098,647.2460253000027,654.6635151999071,down,1,7.41577680001501,None,-1,654.6695295999525,654.6830666000023,654.6830666000023,662.1616147999885,1.9851851851851852,7.476094900048338,,,,,emo04,001,2025-11-17_16h44.52.779,solo project_version2,,2025.1.1,59.721102441479964,2025-11-17 16h45.10.999511 +0530,
D:\happyimage4.jpeg,112,0,8,down,1,3.346432999940589,None,-10,3.0,2.9768414999125525,8,0,112,3,662.1814967999235,,,,,,,,,662.1733567999909,662.1814967999235,663.1643004999496,663.17813809996,663.6774850999936,663.7610025999602,667.1121343999403,down,1,3.346432999940589,None,-10,667.1177110999124,667.1307255999418,667.1307255999418,670.110920600011,3.0,2.9768414999125525,,,,,emo04,001,2025-11-17_16h44.52.779,solo project_version2,,2025.1.1,59.721102441479964,2025-11-17 16h45.10.999511 +0530,
D:\sadimage7.jpeg,113,1,8,up,1,0.7640075999079272,None,0,3.0037037037037035,3.962308300076984,8,1,113,13,670.1309111999581,,,,,,,,,670.1133729999419,670.1309111999581,671.1136529999785,671.1273676999845,671.62671579991,671.7100386999082,672.4779352999758,up,1,0.7640075999079272,None,0,672.4816240000073,672.4935191000113,672.4935191000113,676.4603214999661,3.0037037037037035,3.962308300076984,,,,,emo04,001,2025-11-17_16h44.52.779,solo project_version2,,2025.1.1,59.721102441479964,2025-11-17 16h45.10.999511 +0530,
D:\sadimage4.jpg,114,2,8,up,1,1.2376186000183225,None,0,1,2.8491352999117225,8,2,114,10,676.7626690999605,,,,,,,,,676.7457312999759,676.7626690999605,677.4649354999419,677.7610084000044,677.9758594000014,678.0780509999022,679.3261383000063,up,1,1.2376186000183225,None,0,679.3281919999281,679.342431899975,679.342431899975,682.1935007999418,1,2.8491352999117225,,,,,emo04,001,2025-11-17_16h44.52.779,solo project_version2,,2025.1.1,59.721102441479964,2025-11-17 16h45.10.999511 +0530,
D:\happyimage1.jpeg,115,3,8,up,0,4.488357500056736,None,-1,5,4.513014100026339,8,3,115,0,682.2371439000126,,,,,,,,,682.2107717999024,682.2371439000126,683.1959825999802,683.2426032999065,683.7085243999027,683.8086083999369,688.3092621999094,up,0,4.488357500056736,None,-1,688.3127395999618,688.3252247999189,688.3252247999189,692.8420676999958,5,4.513014100026339,,,,,emo04,001,2025-11-17_16h44.52.779,solo project_version2,,2025.1.1,59.721102441479964,2025-11-17 16h45.10.999511 +0530,
D:\sadimage5.jpeg,116,4,8,down,1,1.2346937999827787,None,-2,3.025925925925926,5.162369600031525,8,4,116,11,692.8612637999468,,,,,,,,,692.8445868999697,692.8612637999468,693.8446635999717,693.8584221999627,694.3577820999781,694.4414140000008,695.6921224999242,down,1,1.2346937999827787,None,-2,695.6956298999721,695.707865000004,695.707865000004,700.8744674999034,3.025925925925926,5.162369600031525,,,,,emo04,001,2025-11-17_16h44.52.779,solo project_version2,,2025.1.1,59.721102441479964,2025-11-17 16h45.10.999511 +0530,
D:\happyimage7.jpeg,117,5,8,down,1,10.672614399925806,None,0,4.014814814814815,35.989610599935986,8,5,117,6,700.8938228999032,,,,,,,,,700.8769738000119,700.8938228999032,701.877288299962,701.8909000999993,702.3902826999547,702.4738469999284,713.158184699947,down,1,10.672614399925806,None,0,713.1637116000056,713.1769747999497,713.1769747999497,749.1697704999242,4.014814814814815,35.989610599935986,,,,,emo04,001,2025-11-17_16h44.52.779,solo project_version2,,2025.1.1,59.721102441479964,2025-11-17 16h45.10.999511 +0530,
D:\happyimage6.jpeg,118,6,8,up,0,0.6962087999563664,None,0,5,2.346664599957876,8,6,118,5,749.1893692999147,,,,,,,,,749.1726136999205,749.1893692999147,750.1726443999214,750.1861176999519,750.6854940999765,750.7691045999527,751.4696991000092,up,0,0.6962087999563664,None,0,751.4734735999955,751.4857163999695,751.4857163999695,753.8364016999258,5,2.346664599957876,,,,,emo04,001,2025-11-17_16h44.52.779,solo project_version2,,2025.1.1,59.721102441479964,2025-11-17 16h45.10.999511 +0530,
D:\happyimage3.jpeg,119,7,8,down,1,0.5352008000481874,None,4,5,1.7805223999312147,8,7,119,2,753.855392599944,,,,,,,,,753.8398806999903,753.855392599944,754.8390893999022,754.8522115999367,755.3515380999306,755.4515388999134,756.0023136999225,down,1,0.5352008000481874,None,4,756.0051624999614,756.0180054999655,756.0180054999655,757.8029690999538,5,1.7805223999312147,,,,,emo04,001,2025-11-17_16h44.52.779,solo project_version2,,2025.1.1,59.721102441479964,2025-11-17 16h45.10.999511 +0530,
D:\sadimage2.jpeg,120,8,8,down,0,4.003204600070603,None,0,2.988888888888889,3.279979099985212,8,8,120,8,757.8214680999517,,,,,,,,,757.8062813999131,757.8214680999517,758.8054364999989,758.8261760999449,759.3177390999626,759.4177816999145,763.4351605999982,down,0,4.003204600070603,None,0,763.4383380999789,763.4509496999672,763.4509496999672,766.7347901999019,2.988888888888889,3.279979099985212,,,,,emo04,001,2025-11-17_16h44.52.779,solo project_version2,,2025.1.1,59.721102441479964,2025-11-17 16h45.10.999511 +0530,
D:\sadimage6.jpeg,121,9,8,up,1,0.7207616000669077,None,0,1.9925925925925927,2.7464843000052497,8,9,121,12,766.7543680999661,,,,,,,,,766.7372280999552,766.7543680999661,767.7376757999882,767.7509059999138,768.2507336999988,768.3504977999255,769.0845653999131,up,1,0.7207616000669077,None,0,769.0879289999139,769.1001974999672,769.1001974999672,771.8507589999354,1.9925925925925927,2.7464843000052497,,,,,emo04,001,2025-11-17_16h44.52.779,solo project_version2,,2025.1.1,59.721102441479964,2025-11-17 16h45.10.999511 +0530,
D:\happyimage2.jpeg,122,10,8,up,1,1.906553800101392,None,0,5,2.3955453999806195,8,10,122,1,771.8702044999227,,,,,,,,,771.8531681000022,771.8702044999227,772.8537386999233,772.8673065999756,773.366723199957,773.4500728999265,775.3681156999664,up,1,1.906553800101392,None,0,775.3725350999739,775.383130799979,775.383130799979,777.7836207000073,5,2.3955453999806195,,,,,emo04,001,2025-11-17_16h44.52.779,solo project_version2,,2025.1.1,59.721102441479964,2025-11-17 16h45.10.999511 +0530,
D:\sadimage3.jpeg,123,11,8,up,1,1.0652509999927133,None,0,3.0074074074074075,1.8790465999627486,8,11,123,9,777.8027510999236,,,,,,,,,777.7862208000151,777.8027510999236,778.7863505999558,778.799803199945,779.2995255999267,779.3830106999958,780.450544299907,up,1,1.0652509999927133,None,0,780.4544749999186,780.4661618999671,780.4661618999671,782.3499030999374,3.0074074074074075,1.8790465999627486,,,,,emo04,001,2025-11-17_16h44.52.779,solo project_version2,,2025.1.1,59.721102441479964,2025-11-17 16h45.10.999511 +0530,
D:\happyimage5.jpeg,124,12,8,up,1,1.50427989999298,None,0,5,1.4792480999603868,8,12,124,4,782.3689659999218,,,,,,,,,782.3521190999309,782.3689659999218,783.352601599996,783.366191899986,783.8655898999423,783.9491201000055,785.4668562000152,up,1,1.50427989999298,None,0,785.4710922999075,785.4821773999138,785.4821773999138,786.9662917999085,5,1.4792480999603868,,,,,emo04,001,2025-11-17_16h44.52.779,solo project_version2,,2025.1.1,59.721102441479964,2025-11-17 16h45.10.999511 +0530,
D:\sadimage1.jpeg,125,13,8,down,1,0.5535452000331134,None,3,2.9814814814814814,1.712670600041747,8,13,125,7,786.9852811999153,,,,,,,,,786.968584499904,786.9852811999153,787.9689877999481,787.9824335000012,788.4820611999603,788.5821770000039,789.1498082999606,down,1,0.5535452000331134,None,3,789.1536743999459,789.1654082000023,789.1654082000023,790.8821374999825,2.9814814814814814,1.712670600041747,,,,,emo04,001,2025-11-17_16h44.52.779,solo project_version2,,2025.1.1,59.721102441479964,2025-11-17 16h45.10.999511 +0530,
D:\happyimage4.jpeg,126,0,9,up,1,0.6728931999532506,None,0,5,2.4400821999879554,9,0,126,3,790.9026673999615,,,,,,,,,790.8956573999021,790.9026673999615,791.8850423999829,791.8987189999316,792.3980782999424,792.4817998999497,793.1671962999972,up,1,0.6728931999532506,None,0,793.1763064999832,793.1865117999259,793.1865117999259,795.6316408999264,5,2.4400821999879554,,,,,emo04,001,2025-11-17_16h44.52.779,solo project_version2,,2025.1.1,59.721102441479964,2025-11-17 16h45.10.999511 +0530,
D:\happyimage7.jpeg,127,1,9,down,0,2.517812900012359,None,0,4.003703703703704,2.2441823000553995,9,1,127,6,795.6513774999185,,,,,,,,,795.634341099998,795.6513774999185,796.6344498000108,796.6481893999735,797.1477383999154,797.2311216999078,799.7657535999315,down,0,2.517812900012359,None,0,799.7707252999535,799.7812674999004,799.7812674999004,802.031495800009,4.003703703703704,2.2441823000553995,,,,,emo04,001,2025-11-17_16h44.52.779,solo project_version2,,2025.1.1,59.721102441479964,2025-11-17 16h45.10.999511 +0530,
D:\sadimage4.jpg,128,2,9,down,1,0.6376524000661448,None,-8,2.996296296296296,3.7297548999777064,9,2,128,10,802.3290162999183,,,,,,,,,802.3129632999189,802.3290162999183,803.0352198999608,803.3323538999539,803.5469788999762,803.6472825999372,804.2978453999385,down,1,0.6376524000661448,None,-8,804.3012071999256,804.3137707000133,804.3137707000133,808.0472270000027,2.996296296296296,3.7297548999777064,,,,,emo04,001,2025-11-17_16h44.52.779,solo project_version2,,2025.1.1,59.721102441479964,2025-11-17 16h45.10.999511 +0530,
D:\sadimage7.jpeg,129,3,9,up,1,0.8686543999938294,None,0,1,1.7956976999994367,9,3,129,13,808.085743799922,,,,,,,,,808.0598233999917,808.085743799922,809.0501654999098,809.0973205999471,809.563216199982,809.6467133999104,810.5309618999017,up,1,0.8686543999938294,None,0,810.5348883999977,810.5463422999019,810.5463422999019,812.3467263999628,1,1.7956976999994367,,,,,emo04,001,2025-11-17_16h44.52.779,solo project_version2,,2025.1.1,59.721102441479964,2025-11-17 16h45.10.999511 +0530,
D:\happyimage2.jpeg,130,4,9,down,1,0.5870063999900594,None,-8,5,1.728323100018315,9,4,130,1,812.3660364999669,,,,,,,,,812.3489995999262,812.3660364999669,813.3495995999547,813.363117699977,813.8627133999253,813.9461411999073,814.547593700001,down,1,0.5870063999900594,None,-8,814.5516730999807,814.5626307999482,814.5626307999482,816.2968114999821,5,1.728323100018315,,,,,emo04,001,2025-11-17_16h44.52.779,solo project_version2,,2025.1.1,59.721102441479964,2025-11-17 16h45.10.999511 +0530,
D:\happyimage6.jpeg,131,5,9,up,1,1.1614791000029072,None,0,5,1.1415079000871629,9,5,131,5,816.3155671999557,,,,,,,,,816.2991874999134,816.3155671999557,817.299284699955,817.3127618000144,817.8122597999172,817.9125301999738,819.0800834000111,up,1,1.1614791000029072,None,0,819.0844143999275,819.0954315999988,819.0954315999988,820.2316081000026,5,1.1415079000871629,,,,,emo04,001,2025-11-17_16h44.52.779,solo project_version2,,2025.1.1,59.721102441479964,2025-11-17 16h45.10.999511 +0530,
D:\sadimage6.jpeg,132,6,9,down,1,0.9941536999540403,None,-5,3.0,4.161843899986707,9,6,132,12,820.2487884999719,,,,,,,,,820.2339883999666,820.2487884999719,821.232171199983,821.2457722999388,821.7454607000109,821.8454963999102,822.8464626999339,down,1,0.9941536999540403,None,-5,822.8503657999681,822.861803399981,822.861803399981,827.0293267999077,3.0,4.161843899986707,,,,,emo04,001,2025-11-17_16h44.52.779,solo project_version2,,2025.1.1,59.721102441479964,2025-11-17 16h45.10.999511 +0530,
D:\sadimage5.jpeg,133,7,9,up,1,1.2118826999794692,None,0,3.011111111111111,1.077578500029631,9,7,133,11,827.0482070000144,,,,,,,,,827.031848100014,827.0482070000144,828.031445999979,828.0450246999972,828.5444828999462,828.6446655999171,829.8624819999095,up,1,1.2118826999794692,None,0,829.868357899948,829.878648599959,829.878648599959,830.9617453999817,3.011111111111111,1.077578500029631,,,,,emo04,001,2025-11-17_16h44.52.779,solo project_version2,,2025.1.1,59.721102441479964,2025-11-17 16h45.10.999511 +0530,
D:\happyimage1.jpeg,134,8,9,down,1,0.4846390000311658,None,4,5,1.6310079999966547,9,8,134,0,830.9810718999943,,,,,,,,,830.965596199967,830.9810718999943,831.964660699945,831.9777504999656,832.4769763000077,832.577420799993,833.0782850999385,down,1,0.4846390000311658,None,4,833.0810426999815,833.0937703999225,833.0937703999225,834.7285663000075,5,1.6310079999966547,,,,,emo04,001,2025-11-17_16h44.52.779,solo project_version2,,2025.1.1,59.721102441479964,2025-11-17 16h45.10.999511 +0530,
D:\sadimage3.jpeg,135,9,9,down,0,0.9614552999846637,None,0,3.0555555555555554,1.5490613000001758,9,9,135,9,834.7472397999372,,,,,,,,,834.7317866999656,834.7472397999372,835.730408799951,835.7574042999186,836.2431596999522,836.3439384999219,837.3105849999702,down,0,0.9614552999846637,None,0,837.3126907999394,837.3265376999043,837.3265376999043,838.8774218999315,3.0555555555555554,1.5490613000001758,,,,,emo04,001,2025-11-17_16h44.52.779,solo project_version2,,2025.1.1,59.721102441479964,2025-11-17 16h45.10.999511 +0530,
D:\happyimage5.jpeg,136,10,9,up,1,0.8254434000700712,None,0,5,2.8970014000078663,9,10,136,4,838.8968302999856,,,,,,,,,838.8795059999684,838.8968302999856,839.8806350999512,839.8940793999936,840.3931583999656,840.4767599999905,841.3108190000057,up,1,0.8254434000700712,None,0,841.3137596999295,841.3267914999742,841.3267914999742,844.2272003999678,5,2.8970014000078663,,,,,emo04,001,2025-11-17_16h44.52.779,solo project_version2,,2025.1.1,59.721102441479964,2025-11-17 16h45.10.999511 +0530,
D:\sadimage1.jpeg,137,11,9,down,0,2.5894456999376416,None,0,1.988888888888889,2.4103808000218123,9,11,137,7,844.2461737999693,,,,,,,,,844.2298508000094,844.2461737999693,845.2298103999346,845.2433596999617,845.7429916999536,845.8432152000023,848.4443078999175,down,0,2.5894456999376416,None,0,848.4496562000131,848.4608462000033,848.4608462000033,850.8766502999933,1.988888888888889,2.4103808000218123,,,,,emo04,001,2025-11-17_16h44.52.779,solo project_version2,,2025.1.1,59.721102441479964,2025-11-17 16h45.10.999511 +0530,
D:\happyimage3.jpeg,138,12,9,down,0,1.0855624000541866,None,0,3.9925925925925925,1.5453014000086114,9,12,138,2,850.8959037999157,,,,,,,,,850.8791654999368,850.8959037999157,851.8793247999856,851.8926160999108,852.3921837999951,852.4924735999666,853.593449799926,down,0,1.0855624000541866,None,0,853.5974291999592,853.6085560999345,853.6085560999345,855.1598180999281,3.9925925925925925,1.5453014000086114,,,,,emo04,001,2025-11-17_16h44.52.779,solo project_version2,,2025.1.1,59.721102441479964,2025-11-17 16h45.10.999511 +0530,
D:\sadimage2.jpeg,139,13,9,up,0,1.362851000041701,None,-1,4.007407407407407,2.6121786000439897,9,13,139,8,855.1785913999192,,,,,,,,,855.1620803999249,855.1785913999192,856.1620518999407,856.175631799968,856.6749747999711,856.7751653000014,858.1428212999599,up,0,1.362851000041701,None,-1,858.1468259999529,858.1581057999283,858.1581057999283,860.7755907999817,4.007407407407407,2.6121786000439897,,,,,emo04,001,2025-11-17_16h44.52.779,solo project_version2,,2025.1.1,59.721102441479964,2025-11-17 16h45.10.999511 +0530,
D:\happyimage1.jpeg,140,0,10,up,0,0.6434993000002578,None,0,4.088888888888889,0.7963962000794709,10,0,140,0,860.7949204999022,,,,,,,,,860.7779198999051,860.7949204999022,861.778187799966,861.7917882999172,862.2910641999915,862.3913582999958,863.0422259999905,up,0,0.6434993000002578,None,0,863.0455396999605,863.0581777999178,863.0581777999178,863.8584498999408,4.088888888888889,0.7963962000794709,,,,,emo04,001,2025-11-17_16h44.52.779,solo project_version2,,2025.1.1,59.721102441479964,2025-11-17 16h45.10.999511 +0530,
D:\sadimage1.jpeg,141,1,10,up,1,0.7368653999874368,None,0,3.0,2.378547800006345,10,1,141,7,863.8779425999383,,,,,,,,,863.8616284999298,863.8779425999383,864.8611528999172,864.8746500000125,865.3743704999797,865.4742580999155,866.2254564999603,up,1,0.7368653999874368,None,0,866.2297245999798,866.2406195999356,866.2406195999356,868.6247249000007,3.0,2.378547800006345,,,,,emo04,001,2025-11-17_16h44.52.779,solo project_version2,,2025.1.1,59.721102441479964,2025-11-17 16h45.10.999511 +0530,
D:\sadimage4.jpg,142,2,10,up,1,0.7059341999702156,None,0,3.0,1.7636552000185475,10,2,142,10,868.914576399955,,,,,,,,,868.8984198999824,868.914576399955,869.6291005999083,869.9259112,870.1402909999015,870.2405081999023,870.9578127999557,up,1,0.7059341999702156,None,0,870.9607869999018,870.9737314999802,870.9737314999802,872.7407208000077,3.0,1.7636552000185475,,,,,emo04,001,2025-11-17_16h44.52.779,solo project_version2,,2025.1.1,59.721102441479964,2025-11-17 16h45.10.999511 +0530,
D:\happyimage5.jpeg,143,3,10,up,0,0.8808007000479847,None,-1,5,1.778014500043355,10,3,143,4,872.7789699999848,,,,,,,,,872.7532521999674,872.7789699999848,873.7437121999683,873.7907048999332,874.2567985999631,874.3401175999315,875.2247069999576,up,0,0.8808007000479847,None,-1,875.2292830999941,875.2410209999653,875.2410209999653,877.0237895000027,5,1.778014500043355,,,,,emo04,001,2025-11-17_16h44.52.779,solo project_version2,,2025.1.1,59.721102441479964,2025-11-17 16h45.10.999511 +0530,
D:\happyimage6.jpeg,144,4,10,up,1,0.7502722999779508,None,0,5,1.063653999939561,10,4,144,5,877.0431190999225,,,,,,,,,877.0263453999069,877.0431190999225,878.0265256999992,878.0400816999609,878.5393400999019,878.6232500999467,879.3905242999317,up,1,0.7502722999779508,None,0,879.3935248999624,879.4062034999952,879.4062034999952,880.473312899936,5,1.063653999939561,,,,,emo04,001,2025-11-17_16h44.52.779,solo project_version2,,2025.1.1,59.721102441479964,2025-11-17 16h45.10.999511 +0530,
D:\sadimage5.jpeg,145,5,10,down,1,0.6483411999652162,None,8,2.0296296296296297,1.7777086000423878,10,5,145,11,880.4927113999147,,,,,,,,,880.4757123999298,880.4927113999147,881.4760770999128,881.4899283999112,881.9892519999994,882.0728079999099,882.7238894999027,down,1,0.6483411999652162,None,8,882.7293922000099,882.7393118999898,882.7393118999898,884.5230072999839,2.0296296296296297,1.7777086000423878,,,,,emo04,001,2025-11-17_16h44.52.779,solo project_version2,,2025.1.1,59.721102441479964,2025-11-17 16h45.10.999511 +0530,
D:\happyimage2.jpeg,146,6,10,up,1,0.5372690999647602,None,0,5.0,1.763734000036493,10,6,146,1,884.5423877999419,,,,,,,,,884.5253213999094,884.5423877999419,885.5256509999745,885.5392876999686,886.0387534999754,886.122317399946,886.6730468999594,up,1,0.5372690999647602,None,0,886.6760379999178,886.6889091999037,886.6889091999037,888.4558899999829,5.0,1.763734000036493,,,,,emo04,001,2025-11-17_16h44.52.779,solo project_version2,,2025.1.1,59.721102441479964,2025-11-17 16h45.10.999511 +0530,
D:\happyimage3.jpeg,147,7,10,up,1,2.1678822999820113,None,0,4.011111111111111,2.7940595999825746,10,7,147,2,888.4754608999938,,,,,,,,,888.4584099999629,888.4754608999938,889.4589219999034,889.4725479999324,889.9719081999501,890.0552793999668,892.240039599943,up,1,2.1678822999820113,None,0,892.2449666999746,892.2572912999894,892.2572912999894,895.0553058999358,4.011111111111111,2.7940595999825746,,,,,emo04,001,2025-11-17_16h44.52.779,solo project_version2,,2025.1.1,59.721102441479964,2025-11-17 16h45.10.999511 +0530,
D:\sadimage2.jpeg,148,8,10,up,0,1.6916071000741795,None,1,3.0185185185185186,2.4444325999356806,10,8,148,8,895.0744090999942,,,,,,,,,895.0577678999398,895.0744090999942,896.057977899909,896.0716432000045,896.5709126999136,896.6547811999917,898.3558876999887,up,0,1.6916071000741795,None,1,898.3615631000139,898.3745706999907,898.3745706999907,900.8217637999915,3.0185185185185186,2.4444325999356806,,,,,emo04,001,2025-11-17_16h44.52.779,solo project_version2,,2025.1.1,59.721102441479964,2025-11-17 16h45.10.999511 +0530,
D:\sadimage7.jpeg,149,9,10,down,1,1.152352900011465,None,-10,3.0185185185185186,1.3883401999482885,10,9,149,13,900.8407630999573,,,,,,,,,900.8244457999244,900.8407630999573,901.8242314999225,901.8380147999851,902.3373918000143,902.437563000014,903.6050559999421,down,1,1.152352900011465,None,-10,903.6097160999198,903.6207670998992,903.6207670998992,905.0044021999929,3.0185185185185186,1.3883401999482885,,,,,emo04,001,2025-11-17_16h44.52.779,solo project_version2,,2025.1.1,59.721102441479964,2025-11-17 16h45.10.999511 +0530,
D:\happyimage4.jpeg,150,10,10,down,1,0.7851386999245733,None,-7,5,1.9288262999616563,10,10,150,3,905.0237854999723,,,,,,,,,905.0162958999863,905.0237854999723,906.0069692999823,906.0209423999768,906.5200582999969,906.6036016999278,907.4047760999529,down,1,0.7851386999245733,None,-7,907.409233699902,907.4204187999712,907.4204187999712,909.3538898999104,5,1.9288262999616563,,,,,emo04,001,2025-11-17_16h44.52.779,solo project_version2,,2025.1.1,59.721102441479964,2025-11-17 16h45.10.999511 +0530,
D:\happyimage7.jpeg,151,11,10,down,0,0.6276045999256894,None,0,3.988888888888889,2.046980299986899,10,11,151,6,909.373541799956,,,,,,,,,909.3567011000123,909.373541799956,910.3567274999805,910.3700266999658,910.8696587999584,910.9532872999553,911.5872430999298,down,0,0.6276045999256894,None,0,911.5909172999673,911.6025529999752,911.6025529999752,913.6537665999494,3.988888888888889,2.046980299986899,,,,,emo04,001,2025-11-17_16h44.52.779,solo project_version2,,2025.1.1,59.721102441479964,2025-11-17 16h45.10.999511 +0530,
D:\sadimage6.jpeg,152,12,10,up,1,0.7942935000173748,None,0,3.0,2.1478779000462964,10,12,152,12,913.6732256999239,,,,,,,,,913.6573164999718,913.6732256999239,914.6559801999247,914.6692884999793,915.1686965000117,915.2692846999271,916.0694838999771,up,1,0.7942935000173748,None,0,916.0725801999215,916.0855907999212,916.0855907999212,918.2366767999483,3.0,2.1478779000462964,,,,,emo04,001,2025-11-17_16h44.52.779,solo project_version2,,2025.1.1,59.721102441479964,2025-11-17 16h45.10.999511 +0530,
D:\sadimage3.jpeg,153,13,10,down,0,1.3181678999681026,None,0,1.9222222222222223,1.9799765000352636,10,13,153,9,918.2559618999949,,,,,,,,,918.2398369999137,918.2559618999949,919.2388154999353,919.2525484999642,919.7520728999516,919.8522269999376,921.186379599967,down,0,1.3181678999681026,None,0,921.1896332999459,921.2021027998999,921.2021027998999,923.1857557999901,1.9222222222222223,1.9799765000352636,,,,,emo04,001,2025-11-17_16h44.52.779,solo project_version2,,2025.1.1,59.721102441479964,2025-11-17 16h45.10.999511 +0530,
,,,,,,,,,,,,,,,,,,,,,,,,,,,,,,,,,,,,,,,,,,923.1858711999375,923.2019769999897,928.2017867999384,928.1860752999783,emo04,001,2025-11-17_16h44.52.779,solo project_version2,,2025.1.1,59.721102441479964,2025-11-17 16h45.10.999511 +0530,
